{
 "ResultList": [
  {
   "targetlnk": 6, 
   "trid": 1, 
   "secondarylnk": 0, 
   "mcdetaillnk": 1, 
   "parvalues": [
    "350MeV/c"
   ], 
   "observablelnk": 21, 
   "testlnk": 0, 
   "referencelnk": 37, 
   "reactionlnk": 4, 
   "beamlnk": 34, 
   "datatable": {
    "dtid": 1, 
    "imageblobslnk": null, 
    "datatypeslnk": 1000, 
    "axisTitle": [
     "Energy loss omega [MeV]", 
     "d 2 sigma/domega dw [mb/sr MeV]"
    ], 
    "errStatPlus": [
     0.0, 
     0.0, 
     0.0, 
     0.0, 
     0.0, 
     0.0, 
     0.0, 
     0.0, 
     0.0, 
     0.0, 
     0.0, 
     0.0, 
     0.0, 
     0.0, 
     0.0, 
     0.0, 
     0.0, 
     0.0, 
     0.0, 
     0.0, 
     0.0, 
     0.0, 
     0.0, 
     0.0, 
     0.0, 
     0.0, 
     0.0, 
     0.0, 
     0.0, 
     0.0, 
     0.0, 
     0.0, 
     0.0, 
     0.0, 
     0.0, 
     0.0, 
     0.0, 
     0.0, 
     0.0, 
     0.0, 
     0.0, 
     0.0, 
     0.0, 
     0.0, 
     0.0, 
     0.0, 
     0.0, 
     0.0, 
     0.0, 
     0.0, 
     0.0, 
     0.0, 
     0.0, 
     0.0, 
     0.0, 
     0.0, 
     0.0, 
     0.0, 
     0.0, 
     9e-05, 
     8.8e-05, 
     0.000182, 
     0.000261, 
     0.000237, 
     0.000336, 
     0.002491, 
     0.007181, 
     0.004703, 
     0.004106, 
     0.002706, 
     0.002788, 
     0.003058, 
     0.003313, 
     0.003438, 
     0.003552, 
     0.003557, 
     0.00361, 
     0.003656, 
     0.003694, 
     0.003698, 
     0.003584, 
     0.003577, 
     0.002678, 
     0.002691, 
     0.002475, 
     0.002304, 
     0.00216, 
     0.002008, 
     0.002869, 
     0.002605, 
     0.002437, 
     0.002242, 
     0.002117, 
     0.001972, 
     0.001893, 
     0.001305, 
     0.001293, 
     0.001158, 
     0.001077, 
     0.001021, 
     0.001013, 
     0.001, 
     0.001144, 
     0.001186, 
     0.001378, 
     0.001471, 
     0.001489, 
     0.001595, 
     0.001744, 
     0.001929, 
     0.002055, 
     0.002329, 
     0.003125, 
     0.004126
    ], 
    "val": [
     -37.5, 
     -32.5, 
     -27.5, 
     -22.5, 
     -17.5, 
     -12.5, 
     -7.5, 
     -2.5, 
     2.5, 
     7.5, 
     12.5, 
     17.5, 
     22.5, 
     27.5, 
     32.5, 
     37.5, 
     42.5, 
     47.5, 
     52.5, 
     57.5, 
     62.5, 
     67.5, 
     72.5, 
     77.5, 
     82.5, 
     87.5, 
     92.5, 
     97.5, 
     102.5, 
     107.5, 
     112.5, 
     117.5, 
     122.5, 
     127.5, 
     132.5, 
     137.5, 
     142.5, 
     147.5, 
     152.5, 
     157.5, 
     162.5, 
     167.5, 
     172.5, 
     177.5, 
     182.5, 
     187.5, 
     192.5, 
     197.5, 
     202.5, 
     207.5, 
     212.5, 
     217.5, 
     222.5, 
     227.5, 
     232.5, 
     237.5, 
     242.5, 
     0.0, 
     0.0, 
     0.000156, 
     0.000177, 
     0.000672, 
     0.000922, 
     0.001171, 
     0.00228, 
     0.074739, 
     0.312415, 
     0.282028, 
     0.298715, 
     0.161432, 
     0.171742, 
     0.208343, 
     0.245828, 
     0.266929, 
     0.286688, 
     0.289972, 
     0.301511, 
     0.311297, 
     0.319176, 
     0.321222, 
     0.303547, 
     0.305349, 
     0.283946, 
     0.265392, 
     0.243717, 
     0.221525, 
     0.193617, 
     0.1696, 
     0.154664, 
     0.129446, 
     0.114842, 
     0.09846, 
     0.089046, 
     0.07797, 
     0.072354, 
     0.065967, 
     0.059729, 
     0.054845, 
     0.048402, 
     0.0433, 
     0.042169, 
     0.040217, 
     0.040776, 
     0.039488, 
     0.041551, 
     0.041409, 
     0.040691, 
     0.04323, 
     0.046863, 
     0.051675, 
     0.049409, 
     0.051505, 
     0.066345, 
     0.070136
    ], 
    "title": "C(pi,pi)", 
    "accesslnk": 1, 
    "npoints": 57, 
    "errStatMinus": [
     0.0, 
     0.0, 
     0.0, 
     0.0, 
     0.0, 
     0.0, 
     0.0, 
     0.0, 
     0.0, 
     0.0, 
     0.0, 
     0.0, 
     0.0, 
     0.0, 
     0.0, 
     0.0, 
     0.0, 
     0.0, 
     0.0, 
     0.0, 
     0.0, 
     0.0, 
     0.0, 
     0.0, 
     0.0, 
     0.0, 
     0.0, 
     0.0, 
     0.0, 
     0.0, 
     0.0, 
     0.0, 
     0.0, 
     0.0, 
     0.0, 
     0.0, 
     0.0, 
     0.0, 
     0.0, 
     0.0, 
     0.0, 
     0.0, 
     0.0, 
     0.0, 
     0.0, 
     0.0, 
     0.0, 
     0.0, 
     0.0, 
     0.0, 
     0.0, 
     0.0, 
     0.0, 
     0.0, 
     0.0, 
     0.0, 
     0.0, 
     0.0, 
     0.0, 
     9e-05, 
     8.8e-05, 
     0.000182, 
     0.000261, 
     0.000237, 
     0.000336, 
     0.002491, 
     0.007181, 
     0.004703, 
     0.004106, 
     0.002706, 
     0.002788, 
     0.003058, 
     0.003313, 
     0.003438, 
     0.003552, 
     0.003557, 
     0.00361, 
     0.003656, 
     0.003694, 
     0.003698, 
     0.003584, 
     0.003577, 
     0.002678, 
     0.002691, 
     0.002475, 
     0.002304, 
     0.00216, 
     0.002008, 
     0.002869, 
     0.002605, 
     0.002437, 
     0.002242, 
     0.002117, 
     0.001972, 
     0.001893, 
     0.001305, 
     0.001293, 
     0.001158, 
     0.001077, 
     0.001021, 
     0.001013, 
     0.001, 
     0.001144, 
     0.001186, 
     0.001378, 
     0.001471, 
     0.001489, 
     0.001595, 
     0.001744, 
     0.001929, 
     0.002055, 
     0.002329, 
     0.003125, 
     0.004126
    ], 
    "scoreslnk": 2
   }, 
   "parnames": [
    "q"
   ]
  }, 
  {
   "targetlnk": 6, 
   "trid": 1, 
   "secondarylnk": 0, 
   "mcdetaillnk": 1, 
   "parvalues": [
    "375MeV/c"
   ], 
   "observablelnk": 21, 
   "testlnk": 0, 
   "referencelnk": 37, 
   "reactionlnk": 4, 
   "beamlnk": 34, 
   "datatable": {
    "dtid": 1, 
    "imageblobslnk": null, 
    "datatypeslnk": 1000, 
    "axisTitle": [
     "Energy loss omega [MeV]", 
     "d 2 sigma/domega dw [mb/sr MeV]"
    ], 
    "errStatPlus": [
     0.0, 
     0.0, 
     0.0, 
     0.0, 
     0.0, 
     0.0, 
     0.0, 
     0.0, 
     0.0, 
     0.0, 
     0.0, 
     0.0, 
     0.0, 
     0.0, 
     0.0, 
     0.0, 
     0.0, 
     0.0, 
     0.0, 
     0.0, 
     0.0, 
     0.0, 
     0.0, 
     0.0, 
     0.0, 
     0.0, 
     0.0, 
     0.0, 
     0.0, 
     0.0, 
     0.0, 
     0.0, 
     0.0, 
     0.0, 
     0.0, 
     0.0, 
     0.0, 
     0.0, 
     0.0, 
     0.0, 
     0.0, 
     0.0, 
     0.0, 
     0.0, 
     0.0, 
     0.0, 
     0.0, 
     0.0, 
     0.0, 
     0.0, 
     0.0, 
     0.0, 
     0.0, 
     0.0, 
     0.0, 
     0.0, 
     0.0, 
     0.0, 
     0.0, 
     0.0, 
     6.7e-05, 
     0.000112, 
     0.00014, 
     0.000168, 
     0.000223, 
     0.000254, 
     0.001353, 
     0.003973, 
     0.002425, 
     0.002894, 
     0.002199, 
     0.002216, 
     0.002438, 
     0.002637, 
     0.002807, 
     0.002977, 
     0.003084, 
     0.003175, 
     0.003224, 
     0.003321, 
     0.003341, 
     0.003304, 
     0.003309, 
     0.002712, 
     0.002457, 
     0.00237, 
     0.002267, 
     0.002156, 
     0.002067, 
     0.001956, 
     0.001887, 
     0.002694, 
     0.002544, 
     0.002329, 
     0.002224, 
     0.00202, 
     0.00149, 
     0.001275, 
     0.00121, 
     0.001117, 
     0.001086, 
     0.001007, 
     0.000961, 
     0.00096, 
     0.000953, 
     0.001254, 
     0.001181, 
     0.001133, 
     0.001243, 
     0.001275, 
     0.001234, 
     0.001284, 
     0.001308, 
     0.001409, 
     0.001608, 
     0.002261
    ],