{
 "ResultList": [
  {
   "targetlnk": 6, 
   "trid": 1, 
   "secondarylnk": 0, 
   "mcdetaillnk": 1, 
   "parvalues": [
    "650MeV/c"
   ], 
   "observablelnk": 21, 
   "testlnk": 0, 
   "referencelnk": 37, 
   "reactionlnk": 4, 
   "beamlnk": 34, 
   "datatable": {
    "dtid": 1, 
    "imageblobslnk": null, 
    "datatypeslnk": 1000, 
    "axisTitle": [
     "Energy loss omega [MeV]", 
     "d 2 sigma/domega dw [mb/sr MeV]"
    ], 
    "errStatPlus": [
     0.0, 
     0.0, 
     0.0, 
     0.0, 
     0.0, 
     0.0, 
     0.0, 
     0.0, 
     0.0, 
     0.0, 
     0.0, 
     0.0, 
     0.0, 
     0.0, 
     0.0, 
     0.0, 
     0.0, 
     0.0, 
     0.0, 
     0.0, 
     0.0, 
     0.0, 
     0.0, 
     0.0, 
     0.0, 
     0.0, 
     0.0, 
     0.0, 
     0.0, 
     0.0, 
     0.0, 
     0.0, 
     0.0, 
     0.0, 
     0.0, 
     0.0, 
     0.0, 
     0.0, 
     0.0, 
     0.0, 
     0.0, 
     0.0, 
     0.0, 
     0.0, 
     0.0, 
     0.0, 
     0.0, 
     0.0, 
     0.0, 
     0.0, 
     0.0, 
     0.0, 
     0.0, 
     0.0, 
     0.0, 
     0.0, 
     0.0, 
     0.0, 
     0.0, 
     0.0, 
     0.0, 
     0.0, 
     0.0, 
     0.0, 
     0.0, 
     0.0, 
     0.0, 
     0.0, 
     0.0, 
     0.0, 
     0.0, 
     0.0, 
     0.0, 
     0.0, 
     0.0, 
     0.0, 
     0.0, 
     0.0, 
     0.0, 
     0.0, 
     0.0, 
     0.0, 
     0.0, 
     0.0, 
     0.0, 
     0.0, 
     0.0, 
     0.0, 
     0.0, 
     0.0, 
     0.0, 
     0.00017, 
     0.00021, 
     0.000163, 
     0.000324, 
     0.000289, 
     0.000366, 
     0.000397, 
     0.000462, 
     0.000473, 
     0.000467, 
     0.000498, 
     0.000473, 
     0.000487, 
     0.00049, 
     0.0005, 
     0.000538, 
     0.000563, 
     0.000583, 
     0.000582, 
     0.000605, 
     0.00065, 
     0.000649, 
     0.000673, 
     0.000714, 
     0.000704, 
     0.000727, 
     0.000774, 
     0.000797, 
     0.00084, 
     0.000917, 
     0.000877, 
     0.000957, 
     0.001012, 
     0.001024, 
     0.001052, 
     0.001151, 
     0.001046, 
     0.00103, 
     0.001035, 
     0.001092, 
     0.001076, 
     0.001049, 
     0.001079, 
     0.001135, 
     0.001083, 
     0.001231, 
     0.001195, 
     0.00125, 
     0.001225, 
     0.001247, 
     0.001257, 
     0.001276, 
     0.00124, 
     0.001242, 
     0.001302, 
     0.001484, 
     0.001243, 
     0.001358, 
     0.001365, 
     0.001662, 
     0.001617, 
     0.001586, 
     0.001539, 
     0.001445, 
     0.001808, 
     0.001691, 
     0.001581, 
     0.001536, 
     0.001475
    ], 
    "val": [
     -37.5, 
     -32.5, 
     -27.5, 
     -22.5, 
     -17.5, 
     -12.5, 
     -7.5, 
     -2.5, 
     2.5, 
     7.5, 
     12.5, 
     17.5, 
     22.5, 
     27.5, 
     32.5, 
     37.5, 
     42.5, 
     47.5, 
     52.5, 
     57.5, 
     62.5, 
     67.5, 
     72.5, 
     77.5, 
     82.5, 
     87.5, 
     92.5, 
     97.5, 
     102.5, 
     107.5, 
     112.5, 
     117.5, 
     122.5, 
     127.5, 
     132.5, 
     137.5, 
     142.5, 
     147.5, 
     152.5, 
     157.5, 
     162.5, 
     167.5, 
     172.5, 
     177.5, 
     182.5, 
     187.5, 
     192.5, 
     197.5, 
     202.5, 
     207.5, 
     212.5, 
     217.5, 
     222.5, 
     227.5, 
     232.5, 
     237.5, 
     242.5, 
     247.5, 
     252.5, 
     257.5, 
     262.5, 
     267.5, 
     272.5, 
     277.5, 
     282.5, 
     287.5, 
     292.5, 
     297.5, 
     302.5, 
     307.5, 
     312.5, 
     317.5, 
     322.5, 
     327.5, 
     332.5, 
     337.5, 
     342.5, 
     347.5, 
     352.5, 
     357.5, 
     0.0, 
     0.0, 
     0.0, 
     0.0, 
     0.0, 
     0.0, 
     0.0, 
     0.0, 
     0.0, 
     0.0, 
     0.0, 
     0.000737, 
     0.001146, 
     0.00067, 
     0.002616, 
     0.002152, 
     0.003365, 
     0.003998, 
     0.005385, 
     0.005576, 
     0.005922, 
     0.006819, 
     0.00734, 
     0.007985, 
     0.008457, 
     0.008995, 
     0.010513, 
     0.011439, 
     0.012425, 
     0.012442, 
     0.013294, 
     0.015298, 
     0.01529, 
     0.016246, 
     0.018341, 
     0.017789, 
     0.019036, 
     0.021369, 
     0.022542, 
     0.024741, 
     0.027096, 
     0.025799, 
     0.028779, 
     0.030462, 
     0.029205, 
     0.029872, 
     0.032712, 
     0.03368, 
     0.03287, 
     0.033372, 
     0.03382, 
     0.035863, 
     0.033748, 
     0.035313, 
     0.036074, 
     0.034048, 
     0.037485, 
     0.036561, 
     0.032851, 
     0.031712, 
     0.032741, 
     0.032853, 
     0.0336, 
     0.031489, 
     0.030829, 
     0.031642, 
     0.029484, 
     0.026653, 
     0.02431, 
     0.0229, 
     0.024893, 
     0.023856, 
     0.022856, 
     0.021468, 
     0.019247, 
     0.024455, 
     0.022431, 
     0.023409, 
     0.022007, 
     0.020053
    ], 
    "title": "C(pi,pi)", 
    "accesslnk": 1, 
    "npoints": 80, 
    "errStatMinus": [
     0.0, 
     0.0, 
     0.0, 
     0.0, 
     0.0, 
     0.0, 
     0.0, 
     0.0, 
     0.0, 
     0.0, 
     0.0, 
     0.0, 
     0.0, 
     0.0, 
     0.0, 
     0.0, 
     0.0, 
     0.0, 
     0.0, 
     0.0, 
     0.0, 
     0.0, 
     0.0, 
     0.0, 
     0.0, 
     0.0, 
     0.0, 
     0.0, 
     0.0, 
     0.0, 
     0.0, 
     0.0, 
     0.0, 
     0.0, 
     0.0, 
     0.0, 
     0.0, 
     0.0, 
     0.0, 
     0.0, 
     0.0, 
     0.0, 
     0.0, 
     0.0, 
     0.0, 
     0.0, 
     0.0, 
     0.0, 
     0.0, 
     0.0, 
     0.0, 
     0.0, 
     0.0, 
     0.0, 
     0.0, 
     0.0, 
     0.0, 
     0.0, 
     0.0, 
     0.0, 
     0.0, 
     0.0, 
     0.0, 
     0.0, 
     0.0, 
     0.0, 
     0.0, 
     0.0, 
     0.0, 
     0.0, 
     0.0, 
     0.0, 
     0.0, 
     0.0, 
     0.0, 
     0.0, 
     0.0, 
     0.0, 
     0.0, 
     0.0, 
     0.0, 
     0.0, 
     0.0, 
     0.0, 
     0.0, 
     0.0, 
     0.0, 
     0.0, 
     0.0, 
     0.0, 
     0.0, 
     0.00017, 
     0.00021, 
     0.000163, 
     0.000324, 
     0.000289, 
     0.000366, 
     0.000397, 
     0.000462, 
     0.000473, 
     0.000467, 
     0.000498, 
     0.000473, 
     0.000487, 
     0.00049, 
     0.0005, 
     0.000538, 
     0.000563, 
     0.000583, 
     0.000582, 
     0.000605, 
     0.00065, 
     0.000649, 
     0.000673, 
     0.000714, 
     0.000704, 
     0.000727, 
     0.000774, 
     0.000797, 
     0.00084, 
     0.000917, 
     0.000877, 
     0.000957, 
     0.001012, 
     0.001024, 
     0.001052, 
     0.001151, 
     0.001046, 
     0.00103, 
     0.001035, 
     0.001092, 
     0.001076, 
     0.001049, 
     0.001079, 
     0.001135, 
     0.001083, 
     0.001231, 
     0.001195, 
     0.00125, 
     0.001225, 
     0.001247, 
     0.001257, 
     0.001276, 
     0.00124, 
     0.001242, 
     0.001302, 
     0.001484, 
     0.001243, 
     0.001358, 
     0.001365, 
     0.001662, 
     0.001617, 
     0.001586, 
     0.001539, 
     0.001445, 
     0.001808, 
     0.001691, 
     0.001581, 
     0.001536, 
     0.001475
    ], 
    "scoreslnk": 2
   }, 
   "parnames": [
    "q"
   ]
  }
 ]
}
