{
 "ResultList": [
  {
   "targetlnk": 20, 
   "trid": 1, 
   "secondarylnk": 0, 
   "mcdetaillnk": 1, 
   "parvalues": [
    "350MeV/c"
   ], 
   "observablelnk": 21, 
   "testlnk": 0, 
   "referencelnk": 37, 
   "reactionlnk": 4, 
   "beamlnk": 34, 
   "datatable": {
    "dtid": 1, 
    "imageblobslnk": null, 
    "datatypeslnk": 1000, 
    "axisTitle": [
     "Energy loss omega [MeV]", 
     "d 2 sigma/domega dw [mb/sr MeV]"
    ], 
    "errStatPlus": [
     0.0, 
     0.0, 
     0.0, 
     0.0, 
     0.0, 
     0.0, 
     0.0, 
     0.0, 
     0.0, 
     0.0, 
     0.0, 
     0.0, 
     0.0, 
     0.0, 
     0.0, 
     0.0, 
     0.0, 
     0.0, 
     0.0, 
     0.0, 
     0.0, 
     0.0, 
     0.0, 
     0.0, 
     0.0, 
     0.0, 
     0.0, 
     0.0, 
     0.0, 
     0.0, 
     0.0, 
     0.0, 
     0.0, 
     0.0, 
     0.0, 
     0.0, 
     0.0, 
     0.0, 
     0.0, 
     0.0, 
     0.0, 
     0.0, 
     0.0, 
     0.0, 
     0.0, 
     0.0, 
     0.0, 
     0.0, 
     0.0, 
     0.0, 
     0.0, 
     0.0, 
     0.0, 
     0.0, 
     0.0, 
     0.0, 
     0.0, 
     0.00014, 
     0.00014, 
     0.0, 
     0.00021, 
     0.000327, 
     0.000396, 
     0.000722, 
     0.001081, 
     0.010041, 
     0.017639, 
     0.008007, 
     0.012144, 
     0.019289, 
     0.008012, 
     0.008179, 
     0.008516, 
     0.008685, 
     0.008877, 
     0.009055, 
     0.009393, 
     0.010031, 
     0.00981, 
     0.009126, 
     0.008763, 
     0.008693, 
     0.006683, 
     0.006074, 
     0.006502, 
     0.006402, 
     0.005315, 
     0.00502, 
     0.007056, 
     0.006571, 
     0.006027, 
     0.005701, 
     0.005263, 
     0.004865, 
     0.004523, 
     0.004175, 
     0.003188, 
     0.003065, 
     0.003347, 
     0.002722, 
     0.00255, 
     0.002553, 
     0.00266, 
     0.002964, 
     0.003389, 
     0.00398, 
     0.00408, 
     0.004263, 
     0.004711, 
     0.004795, 
     0.005443, 
     0.006154, 
     0.007785, 
     0.008733
    ], 
    "val": [
     -37.5, 
     -32.5, 
     -27.5, 
     -22.5, 
     -17.5, 
     -12.5, 
     -7.5, 
     -2.5, 
     2.5, 
     7.5, 
     12.5, 
     17.5, 
     22.5, 
     27.5, 
     32.5, 
     37.5, 
     42.5, 
     47.5, 
     52.5, 
     57.5, 
     62.5, 
     67.5, 
     72.5, 
     77.5, 
     82.5, 
     87.5, 
     92.5, 
     97.5, 
     102.5, 
     107.5, 
     112.5, 
     117.5, 
     122.5, 
     127.5, 
     132.5, 
     137.5, 
     142.5, 
     147.5, 
     152.5, 
     157.5, 
     162.5, 
     167.5, 
     172.5, 
     177.5, 
     182.5, 
     187.5, 
     192.5, 
     197.5, 
     202.5, 
     207.5, 
     212.5, 
     217.5, 
     222.5, 
     227.5, 
     232.5, 
     237.5, 
     242.5, 
     0.00014, 
     0.00014, 
     0.0, 
     0.000297, 
     0.000649, 
     0.001045, 
     0.002328, 
     0.006982, 
     0.198537, 
     0.639119, 
     0.394873, 
     0.427302, 
     0.45163, 
     0.443302, 
     0.463108, 
     0.505159, 
     0.529091, 
     0.556782, 
     0.582881, 
     0.633307, 
     0.728155, 
     0.700025, 
     0.608444, 
     0.56387, 
     0.559145, 
     0.516665, 
     0.486842, 
     0.45516, 
     0.419468, 
     0.387266, 
     0.34913, 
     0.319551, 
     0.281658, 
     0.239862, 
     0.217479, 
     0.187876, 
     0.162667, 
     0.141296, 
     0.128727, 
     0.123685, 
     0.111039, 
     0.106684, 
     0.094267, 
     0.086622, 
     0.084827, 
     0.084866, 
     0.08444, 
     0.086464, 
     0.09206, 
     0.092974, 
     0.094886, 
     0.105348, 
     0.09787, 
     0.108645, 
     0.114195, 
     0.140314, 
     0.124548
    ], 
    "title": "Ca(pi,pi)", 
    "accesslnk": 1, 
    "npoints": 57, 
    "errStatMinus": [
     0.0, 
     0.0, 
     0.0, 
     0.0, 
     0.0, 
     0.0, 
     0.0, 
     0.0, 
     0.0, 
     0.0, 
     0.0, 
     0.0, 
     0.0, 
     0.0, 
     0.0, 
     0.0, 
     0.0, 
     0.0, 
     0.0, 
     0.0, 
     0.0, 
     0.0, 
     0.0, 
     0.0, 
     0.0, 
     0.0, 
     0.0, 
     0.0, 
     0.0, 
     0.0, 
     0.0, 
     0.0, 
     0.0, 
     0.0, 
     0.0, 
     0.0, 
     0.0, 
     0.0, 
     0.0, 
     0.0, 
     0.0, 
     0.0, 
     0.0, 
     0.0, 
     0.0, 
     0.0, 
     0.0, 
     0.0, 
     0.0, 
     0.0, 
     0.0, 
     0.0, 
     0.0, 
     0.0, 
     0.0, 
     0.0, 
     0.0, 
     0.00014, 
     0.00014, 
     0.0, 
     0.00021, 
     0.000327, 
     0.000396, 
     0.000722, 
     0.001081, 
     0.010041, 
     0.017639, 
     0.008007, 
     0.012144, 
     0.019289, 
     0.008012, 
     0.008179, 
     0.008516, 
     0.008685, 
     0.008877, 
     0.009055, 
     0.009393, 
     0.010031, 
     0.00981, 
     0.009126, 
     0.008763, 
     0.008693, 
     0.006683, 
     0.006074, 
     0.006502, 
     0.006402, 
     0.005315, 
     0.00502, 
     0.007056, 
     0.006571, 
     0.006027, 
     0.005701, 
     0.005263, 
     0.004865, 
     0.004523, 
     0.004175, 
     0.003188, 
     0.003065, 
     0.003347, 
     0.002722, 
     0.00255, 
     0.002553, 
     0.00266, 
     0.002964, 
     0.003389, 
     0.00398, 
     0.00408, 
     0.004263, 
     0.004711, 
     0.004795, 
     0.005443, 
     0.006154, 
     0.007785, 
     0.008733
    ], 
    "scoreslnk": 2
   }, 
   "parnames": [
    "q"
   ]
  }, 
  {
   "targetlnk": 20, 
   "trid": 1, 
   "secondarylnk": 0, 
   "mcdetaillnk": 1, 
   "parvalues": [
    "375MeV/c"
   ], 
   "observablelnk": 21, 
   "testlnk": 0, 
   "referencelnk": 37, 
   "reactionlnk": 4, 
   "beamlnk": 34, 
   "datatable": {
    "dtid": 1, 
    "imageblobslnk": null, 
    "datatypeslnk": 1000, 
    "axisTitle": [
     "Energy loss omega [MeV]", 
     "d 2 sigma/domega dw [mb/sr MeV]"
    ], 
    "errStatPlus": [
     0.0, 
     0.0, 
     0.0, 
     0.0, 
     0.0, 
     0.0, 
     0.0, 
     0.0, 
     0.0, 
     0.0, 
     0.0, 
     0.0, 
     0.0, 
     0.0, 
     0.0, 
     0.0, 
     0.0, 
     0.0, 
     0.0, 
     0.0, 
     0.0, 
     0.0, 
     0.0, 
     0.0, 
     0.0, 
     0.0, 
     0.0, 
     0.0, 
     0.0, 
     0.0, 
     0.0, 
     0.0, 
     0.0, 
     0.0, 
     0.0, 
     0.0, 
     0.0, 
     0.0, 
     0.0, 
     0.0, 
     0.0, 
     0.0, 
     0.0, 
     0.0, 
     0.0, 
     0.0, 
     0.0, 
     0.0, 
     0.0, 
     0.0, 
     0.0, 
     0.0, 
     0.0, 
     0.0, 
     0.0, 
     0.0, 
     0.0, 
     0.0, 
     0.0, 
     0.000146, 
     0.000209, 
     0.000274, 
     0.000151, 
     0.000322, 
     0.000681, 
     0.001105, 
     0.007072, 
     0.008337, 
     0.006589, 
     0.006397, 
     0.006325, 
     0.006488, 
     0.006628, 
     0.00687, 
     0.007174, 
     0.007596, 
     0.007697, 
     0.008098, 
     0.008227, 
     0.008742, 
     0.009209, 
     0.008683, 
     0.008196, 
     0.0064, 
     0.005728, 
     0.005652, 
     0.005492, 
     0.00513, 
     0.005074, 
     0.004853, 
     0.004604, 
     0.006447, 
     0.006222, 
     0.005665, 
     0.005523, 
     0.005151, 
     0.003887, 
     0.004114, 
     0.00379, 
     0.002911, 
     0.002755, 
     0.002632, 
     0.002534, 
     0.002527, 
     0.002449, 
     0.002623, 
     0.002928, 
     0.003315, 
     0.003452, 
     0.003404, 
     0.003472, 
     0.003425, 
     0.00357, 
     0.003743, 
     0.003863, 
     0.00447
    ],