{
 "ResultList": [
  {
   "targetlnk": 20, 
   "trid": 1, 
   "secondarylnk": 0, 
   "mcdetaillnk": 1, 
   "parvalues": [
    "425MeV/c"
   ], 
   "observablelnk": 21, 
   "testlnk": 0, 
   "referencelnk": 37, 
   "reactionlnk": 4, 
   "beamlnk": 34, 
   "datatable": {
    "dtid": 1, 
    "imageblobslnk": null, 
    "datatypeslnk": 1000, 
    "axisTitle": [
     "Energy loss omega [MeV]", 
     "d 2 sigma/domega dw [mb/sr MeV]"
    ], 
    "errStatPlus": [
     0.0, 
     0.0, 
     0.0, 
     0.0, 
     0.0, 
     0.0, 
     0.0, 
     0.0, 
     0.0, 
     0.0, 
     0.0, 
     0.0, 
     0.0, 
     0.0, 
     0.0, 
     0.0, 
     0.0, 
     0.0, 
     0.0, 
     0.0, 
     0.0, 
     0.0, 
     0.0, 
     0.0, 
     0.0, 
     0.0, 
     0.0, 
     0.0, 
     0.0, 
     0.0, 
     0.0, 
     0.0, 
     0.0, 
     0.0, 
     0.0, 
     0.0, 
     0.0, 
     0.0, 
     0.0, 
     0.0, 
     0.0, 
     0.0, 
     0.0, 
     0.0, 
     0.0, 
     0.0, 
     0.0, 
     0.0, 
     0.0, 
     0.0, 
     0.0, 
     0.0, 
     0.0, 
     0.0, 
     0.0, 
     0.0, 
     0.0, 
     0.0, 
     0.0, 
     0.0, 
     0.0, 
     0.0, 
     0.000355, 
     0.000276, 
     0.0, 
     0.000226, 
     0.000276, 
     0.000688, 
     0.004597, 
     0.004217, 
     0.003481, 
     0.00372, 
     0.004206, 
     0.004359, 
     0.004545, 
     0.004739, 
     0.004989, 
     0.005185, 
     0.00553, 
     0.005892, 
     0.006199, 
     0.006268, 
     0.006381, 
     0.00674, 
     0.00672, 
     0.00538, 
     0.005621, 
     0.005405, 
     0.005137, 
     0.005087, 
     0.004859, 
     0.004771, 
     0.004578, 
     0.00698, 
     0.006523, 
     0.005601, 
     0.00555, 
     0.004976, 
     0.004384, 
     0.003925, 
     0.00376, 
     0.003549, 
     0.003336, 
     0.003242, 
     0.002965, 
     0.002871, 
     0.002744, 
     0.002674, 
     0.002741, 
     0.002613, 
     0.003294, 
     0.00322, 
     0.0032, 
     0.003207, 
     0.00327, 
     0.002965, 
     0.003239, 
     0.003176, 
     0.003254, 
     0.003725
    ], 
    "val": [
     -37.5, 
     -32.5, 
     -27.5, 
     -22.5, 
     -17.5, 
     -12.5, 
     -7.5, 
     -2.5, 
     2.5, 
     7.5, 
     12.5, 
     17.5, 
     22.5, 
     27.5, 
     32.5, 
     37.5, 
     42.5, 
     47.5, 
     52.5, 
     57.5, 
     62.5, 
     67.5, 
     72.5, 
     77.5, 
     82.5, 
     87.5, 
     92.5, 
     97.5, 
     102.5, 
     107.5, 
     112.5, 
     117.5, 
     122.5, 
     127.5, 
     132.5, 
     137.5, 
     142.5, 
     147.5, 
     152.5, 
     157.5, 
     162.5, 
     167.5, 
     172.5, 
     177.5, 
     182.5, 
     187.5, 
     192.5, 
     197.5, 
     202.5, 
     207.5, 
     212.5, 
     217.5, 
     222.5, 
     227.5, 
     232.5, 
     237.5, 
     242.5, 
     247.5, 
     252.5, 
     257.5, 
     0.0, 
     0.0, 
     0.000794, 
     0.000477, 
     0.0, 
     0.00032, 
     0.000478, 
     0.002916, 
     0.13141, 
     0.110954, 
     0.075657, 
     0.08678, 
     0.11137, 
     0.120502, 
     0.131713, 
     0.144285, 
     0.161102, 
     0.175657, 
     0.200861, 
     0.22966, 
     0.255161, 
     0.262219, 
     0.273605, 
     0.30777, 
     0.308763, 
     0.35565, 
     0.39137, 
     0.363878, 
     0.331497, 
     0.328726, 
     0.303543, 
     0.296335, 
     0.275072, 
     0.285721, 
     0.251803, 
     0.251137, 
     0.238002, 
     0.227534, 
     0.201368, 
     0.184699, 
     0.169313, 
     0.155259, 
     0.139144, 
     0.133055, 
     0.112734, 
     0.106757, 
     0.098704, 
     0.093505, 
     0.08656, 
     0.079125, 
     0.073599, 
     0.071532, 
     0.072017, 
     0.073504, 
     0.078015, 
     0.065377, 
     0.079046, 
     0.073814, 
     0.073693, 
     0.076889
    ], 
    "title": "Ca(pi,pi)", 
    "accesslnk": 1, 
    "npoints": 60, 
    "errStatMinus": [
     0.0, 
     0.0, 
     0.0, 
     0.0, 
     0.0, 
     0.0, 
     0.0, 
     0.0, 
     0.0, 
     0.0, 
     0.0, 
     0.0, 
     0.0, 
     0.0, 
     0.0, 
     0.0, 
     0.0, 
     0.0, 
     0.0, 
     0.0, 
     0.0, 
     0.0, 
     0.0, 
     0.0, 
     0.0, 
     0.0, 
     0.0, 
     0.0, 
     0.0, 
     0.0, 
     0.0, 
     0.0, 
     0.0, 
     0.0, 
     0.0, 
     0.0, 
     0.0, 
     0.0, 
     0.0, 
     0.0, 
     0.0, 
     0.0, 
     0.0, 
     0.0, 
     0.0, 
     0.0, 
     0.0, 
     0.0, 
     0.0, 
     0.0, 
     0.0, 
     0.0, 
     0.0, 
     0.0, 
     0.0, 
     0.0, 
     0.0, 
     0.0, 
     0.0, 
     0.0, 
     0.0, 
     0.0, 
     0.000355, 
     0.000276, 
     0.0, 
     0.000226, 
     0.000276, 
     0.000688, 
     0.004597, 
     0.004217, 
     0.003481, 
     0.00372, 
     0.004206, 
     0.004359, 
     0.004545, 
     0.004739, 
     0.004989, 
     0.005185, 
     0.00553, 
     0.005892, 
     0.006199, 
     0.006268, 
     0.006381, 
     0.00674, 
     0.00672, 
     0.00538, 
     0.005621, 
     0.005405, 
     0.005137, 
     0.005087, 
     0.004859, 
     0.004771, 
     0.004578, 
     0.00698, 
     0.006523, 
     0.005601, 
     0.00555, 
     0.004976, 
     0.004384, 
     0.003925, 
     0.00376, 
     0.003549, 
     0.003336, 
     0.003242, 
     0.002965, 
     0.002871, 
     0.002744, 
     0.002674, 
     0.002741, 
     0.002613, 
     0.003294, 
     0.00322, 
     0.0032, 
     0.003207, 
     0.00327, 
     0.002965, 
     0.003239, 
     0.003176, 
     0.003254, 
     0.003725
    ], 
    "scoreslnk": 2
   }, 
   "parnames": [
    "q"
   ]
  }, 
  {
   "targetlnk": 20, 
   "trid": 1, 
   "secondarylnk": 0, 
   "mcdetaillnk": 1, 
   "parvalues": [
    "450MeV/c"
   ], 
   "observablelnk": 21, 
   "testlnk": 0, 
   "referencelnk": 37, 
   "reactionlnk": 4, 
   "beamlnk": 34, 
   "datatable": {
    "dtid": 1, 
    "imageblobslnk": null, 
    "datatypeslnk": 1000, 
    "axisTitle": [
     "Energy loss omega [MeV]", 
     "d 2 sigma/domega dw [mb/sr MeV]"
    ], 
    "errStatPlus": [
     0.0, 
     0.0, 
     0.0, 
     0.0, 
     0.0, 
     0.0, 
     0.0, 
     0.0, 
     0.0, 
     0.0, 
     0.0, 
     0.0, 
     0.0, 
     0.0, 
     0.0, 
     0.0, 
     0.0, 
     0.0, 
     0.0, 
     0.0, 
     0.0, 
     0.0, 
     0.0, 
     0.0, 
     0.0, 
     0.0, 
     0.0, 
     0.0, 
     0.0, 
     0.0, 
     0.0, 
     0.0, 
     0.0, 
     0.0, 
     0.0, 
     0.0, 
     0.0, 
     0.0, 
     0.0, 
     0.0, 
     0.0, 
     0.0, 
     0.0, 
     0.0, 
     0.0, 
     0.0, 
     0.0, 
     0.0, 
     0.0, 
     0.0, 
     0.0, 
     0.0, 
     0.0, 
     0.0, 
     0.0, 
     0.0, 
     0.0, 
     0.0, 
     0.0, 
     0.0, 
     0.0, 
     0.0, 
     0.0, 
     0.0, 
     0.000164, 
     0.000173, 
     0.000232, 
     0.000381, 
     0.000337, 
     0.00043, 
     0.002811, 
     0.002734, 
     0.002676, 
     0.003089, 
     0.003351, 
     0.003398, 
     0.003816, 
     0.004198, 
     0.004335, 
     0.004451, 
     0.004887, 
     0.005039, 
     0.005237, 
     0.005351, 
     0.005734, 
     0.004335, 
     0.004533, 
     0.004497, 
     0.004733, 
     0.004908, 
     0.005088, 
     0.004938, 
     0.004756, 
     0.00464, 
     0.004498, 
     0.006752, 
     0.006634, 
     0.005094, 
     0.004499, 
     0.004447, 
     0.004315, 
     0.004127, 
     0.004055, 
     0.003753, 
     0.003594, 
     0.003526, 
     0.003329, 
     0.003049, 
     0.002932, 
     0.002763, 
     0.002713, 
     0.002721, 
     0.002817, 
     0.003515, 
     0.003399, 
     0.00326, 
     0.003272, 
     0.003118, 
     0.00324, 
     0.003193, 
     0.003026, 
     0.0034, 
     0.003355, 
     0.004544
    ],