{
 "ResultList": [
  {
   "targetlnk": 20, 
   "trid": 1, 
   "secondarylnk": 0, 
   "mcdetaillnk": 1, 
   "parvalues": [
    "500MeV/c"
   ], 
   "observablelnk": 21, 
   "testlnk": 0, 
   "referencelnk": 37, 
   "reactionlnk": 4, 
   "beamlnk": 34, 
   "datatable": {
    "dtid": 1, 
    "imageblobslnk": null, 
    "datatypeslnk": 1000, 
    "axisTitle": [
     "Energy loss omega [MeV]", 
     "d 2 sigma/domega dw [mb/sr MeV]"
    ], 
    "errStatPlus": [
     0.0, 
     0.0, 
     0.0, 
     0.0, 
     0.0, 
     0.0, 
     0.0, 
     0.0, 
     0.0, 
     0.0, 
     0.0, 
     0.0, 
     0.0, 
     0.0, 
     0.0, 
     0.0, 
     0.0, 
     0.0, 
     0.0, 
     0.0, 
     0.0, 
     0.0, 
     0.0, 
     0.0, 
     0.0, 
     0.0, 
     0.0, 
     0.0, 
     0.0, 
     0.0, 
     0.0, 
     0.0, 
     0.0, 
     0.0, 
     0.0, 
     0.0, 
     0.0, 
     0.0, 
     0.0, 
     0.0, 
     0.0, 
     0.0, 
     0.0, 
     0.0, 
     0.0, 
     0.0, 
     0.0, 
     0.0, 
     0.0, 
     0.0, 
     0.0, 
     0.0, 
     0.0, 
     0.0, 
     0.0, 
     0.0, 
     0.0, 
     0.0, 
     0.0, 
     0.0, 
     0.0, 
     0.0, 
     0.0, 
     0.0, 
     0.0, 
     0.0, 
     0.0, 
     0.0, 
     0.0, 
     0.0, 
     0.00017, 
     0.000248, 
     0.000169, 
     0.000701, 
     0.001836, 
     0.001976, 
     0.002044, 
     0.002236, 
     0.002375, 
     0.00245, 
     0.002699, 
     0.002849, 
     0.003011, 
     0.003265, 
     0.003465, 
     0.002798, 
     0.002896, 
     0.003048, 
     0.003225, 
     0.003439, 
     0.003483, 
     0.003703, 
     0.003752, 
     0.003818, 
     0.003634, 
     0.003426, 
     0.003572, 
     0.00364, 
     0.003642, 
     0.003495, 
     0.003374, 
     0.003421, 
     0.004218, 
     0.004218, 
     0.00413, 
     0.004108, 
     0.004007, 
     0.003859, 
     0.003807, 
     0.003657, 
     0.003572, 
     0.003418, 
     0.003332, 
     0.003126, 
     0.002946, 
     0.002899, 
     0.002912, 
     0.002936, 
     0.003279, 
     0.003733, 
     0.003606, 
     0.003375, 
     0.00326, 
     0.003187, 
     0.003083, 
     0.003102, 
     0.003165, 
     0.003417, 
     0.00353, 
     0.004031
    ], 
    "val": [
     -37.5, 
     -32.5, 
     -27.5, 
     -22.5, 
     -17.5, 
     -12.5, 
     -7.5, 
     -2.5, 
     2.5, 
     7.5, 
     12.5, 
     17.5, 
     22.5, 
     27.5, 
     32.5, 
     37.5, 
     42.5, 
     47.5, 
     52.5, 
     57.5, 
     62.5, 
     67.5, 
     72.5, 
     77.5, 
     82.5, 
     87.5, 
     92.5, 
     97.5, 
     102.5, 
     107.5, 
     112.5, 
     117.5, 
     122.5, 
     127.5, 
     132.5, 
     137.5, 
     142.5, 
     147.5, 
     152.5, 
     157.5, 
     162.5, 
     167.5, 
     172.5, 
     177.5, 
     182.5, 
     187.5, 
     192.5, 
     197.5, 
     202.5, 
     207.5, 
     212.5, 
     217.5, 
     222.5, 
     227.5, 
     232.5, 
     237.5, 
     242.5, 
     247.5, 
     252.5, 
     257.5, 
     262.5, 
     267.5, 
     272.5, 
     277.5, 
     282.5, 
     0.0, 
     0.0, 
     0.0, 
     0.0, 
     0.0, 
     0.00017, 
     0.00035, 
     0.000169, 
     0.002803, 
     0.019333, 
     0.022522, 
     0.02418, 
     0.029148, 
     0.032889, 
     0.035237, 
     0.042814, 
     0.048234, 
     0.054415, 
     0.064201, 
     0.072892, 
     0.084878, 
     0.091492, 
     0.101569, 
     0.114862, 
     0.131858, 
     0.135512, 
     0.153912, 
     0.159071, 
     0.166327, 
     0.17783, 
     0.185831, 
     0.191598, 
     0.217384, 
     0.221123, 
     0.205112, 
     0.192852, 
     0.196676, 
     0.187038, 
     0.188766, 
     0.182783, 
     0.182696, 
     0.174986, 
     0.163248, 
     0.160146, 
     0.149637, 
     0.144491, 
     0.134281, 
     0.129385, 
     0.115195, 
     0.102621, 
     0.098868, 
     0.095754, 
     0.088745, 
     0.08508, 
     0.085953, 
     0.082182, 
     0.072962, 
     0.069424, 
     0.067567, 
     0.06388, 
     0.064695, 
     0.064867, 
     0.062365, 
     0.058995, 
     0.056757
    ], 
    "title": "Ca(pi,pi)", 
    "accesslnk": 1, 
    "npoints": 65, 
    "errStatMinus": [
     0.0, 
     0.0, 
     0.0, 
     0.0, 
     0.0, 
     0.0, 
     0.0, 
     0.0, 
     0.0, 
     0.0, 
     0.0, 
     0.0, 
     0.0, 
     0.0, 
     0.0, 
     0.0, 
     0.0, 
     0.0, 
     0.0, 
     0.0, 
     0.0, 
     0.0, 
     0.0, 
     0.0, 
     0.0, 
     0.0, 
     0.0, 
     0.0, 
     0.0, 
     0.0, 
     0.0, 
     0.0, 
     0.0, 
     0.0, 
     0.0, 
     0.0, 
     0.0, 
     0.0, 
     0.0, 
     0.0, 
     0.0, 
     0.0, 
     0.0, 
     0.0, 
     0.0, 
     0.0, 
     0.0, 
     0.0, 
     0.0, 
     0.0, 
     0.0, 
     0.0, 
     0.0, 
     0.0, 
     0.0, 
     0.0, 
     0.0, 
     0.0, 
     0.0, 
     0.0, 
     0.0, 
     0.0, 
     0.0, 
     0.0, 
     0.0, 
     0.0, 
     0.0, 
     0.0, 
     0.0, 
     0.0, 
     0.00017, 
     0.000248, 
     0.000169, 
     0.000701, 
     0.001836, 
     0.001976, 
     0.002044, 
     0.002236, 
     0.002375, 
     0.00245, 
     0.002699, 
     0.002849, 
     0.003011, 
     0.003265, 
     0.003465, 
     0.002798, 
     0.002896, 
     0.003048, 
     0.003225, 
     0.003439, 
     0.003483, 
     0.003703, 
     0.003752, 
     0.003818, 
     0.003634, 
     0.003426, 
     0.003572, 
     0.00364, 
     0.003642, 
     0.003495, 
     0.003374, 
     0.003421, 
     0.004218, 
     0.004218, 
     0.00413, 
     0.004108, 
     0.004007, 
     0.003859, 
     0.003807, 
     0.003657, 
     0.003572, 
     0.003418, 
     0.003332, 
     0.003126, 
     0.002946, 
     0.002899, 
     0.002912, 
     0.002936, 
     0.003279, 
     0.003733, 
     0.003606, 
     0.003375, 
     0.00326, 
     0.003187, 
     0.003083, 
     0.003102, 
     0.003165, 
     0.003417, 
     0.00353, 
     0.004031
    ], 
    "scoreslnk": 2
   }, 
   "parnames": [
    "q"
   ]
  }, 
  {
   "targetlnk": 20, 
   "trid": 1, 
   "secondarylnk": 0, 
   "mcdetaillnk": 1, 
   "parvalues": [
    "525MeV/c"
   ], 
   "observablelnk": 21, 
   "testlnk": 0, 
   "referencelnk": 37, 
   "reactionlnk": 4, 
   "beamlnk": 34, 
   "datatable": {
    "dtid": 1, 
    "imageblobslnk": null, 
    "datatypeslnk": 1000, 
    "axisTitle": [
     "Energy loss omega [MeV]", 
     "d 2 sigma/domega dw [mb/sr MeV]"
    ],