{
 "ResultList": [
  {
   "targetlnk": 20, 
   "trid": 1, 
   "secondarylnk": 0, 
   "mcdetaillnk": 1, 
   "parvalues": [
    "575MeV/c"
   ], 
   "observablelnk": 21, 
   "testlnk": 0, 
   "referencelnk": 37, 
   "reactionlnk": 4, 
   "beamlnk": 34, 
   "datatable": {
    "dtid": 1, 
    "imageblobslnk": null, 
    "datatypeslnk": 1000, 
    "axisTitle": [
     "Energy loss omega [MeV]", 
     "d 2 sigma/domega dw [mb/sr MeV]"
    ], 
    "errStatPlus": [
     0.0, 
     0.0, 
     0.0, 
     0.0, 
     0.0, 
     0.0, 
     0.0, 
     0.0, 
     0.0, 
     0.0, 
     0.0, 
     0.0, 
     0.0, 
     0.0, 
     0.0, 
     0.0, 
     0.0, 
     0.0, 
     0.0, 
     0.0, 
     0.0, 
     0.0, 
     0.0, 
     0.0, 
     0.0, 
     0.0, 
     0.0, 
     0.0, 
     0.0, 
     0.0, 
     0.0, 
     0.0, 
     0.0, 
     0.0, 
     0.0, 
     0.0, 
     0.0, 
     0.0, 
     0.0, 
     0.0, 
     0.0, 
     0.0, 
     0.0, 
     0.0, 
     0.0, 
     0.0, 
     0.0, 
     0.0, 
     0.0, 
     0.0, 
     0.0, 
     0.0, 
     0.0, 
     0.0, 
     0.0, 
     0.0, 
     0.0, 
     0.0, 
     0.0, 
     0.0, 
     0.0, 
     0.0, 
     0.0, 
     0.0, 
     0.0, 
     0.0, 
     0.0, 
     0.0, 
     0.0, 
     0.000184, 
     0.0, 
     0.0, 
     0.000186, 
     0.000719, 
     0.001045, 
     0.001158, 
     0.00114, 
     0.001309, 
     0.001501, 
     0.001761, 
     0.001821, 
     0.001305, 
     0.001454, 
     0.001494, 
     0.001603, 
     0.001699, 
     0.001729, 
     0.001929, 
     0.001932, 
     0.00194, 
     0.00206, 
     0.002156, 
     0.002114, 
     0.002113, 
     0.002175, 
     0.002307, 
     0.002321, 
     0.002319, 
     0.002424, 
     0.002472, 
     0.002494, 
     0.002561, 
     0.002601, 
     0.002738, 
     0.002862, 
     0.00295, 
     0.003107, 
     0.003516, 
     0.003565, 
     0.003535, 
     0.00342, 
     0.003518, 
     0.003425, 
     0.003346, 
     0.00338, 
     0.003205, 
     0.003099, 
     0.003165, 
     0.003038, 
     0.003092, 
     0.004182, 
     0.003999, 
     0.003893, 
     0.003704, 
     0.003699, 
     0.003665, 
     0.003564, 
     0.003478, 
     0.003711, 
     0.003641
    ], 
    "val": [
     -37.5, 
     -32.5, 
     -27.5, 
     -22.5, 
     -17.5, 
     -12.5, 
     -7.5, 
     -2.5, 
     2.5, 
     7.5, 
     12.5, 
     17.5, 
     22.5, 
     27.5, 
     32.5, 
     37.5, 
     42.5, 
     47.5, 
     52.5, 
     57.5, 
     62.5, 
     67.5, 
     72.5, 
     77.5, 
     82.5, 
     87.5, 
     92.5, 
     97.5, 
     102.5, 
     107.5, 
     112.5, 
     117.5, 
     122.5, 
     127.5, 
     132.5, 
     137.5, 
     142.5, 
     147.5, 
     152.5, 
     157.5, 
     162.5, 
     167.5, 
     172.5, 
     177.5, 
     182.5, 
     187.5, 
     192.5, 
     197.5, 
     202.5, 
     207.5, 
     212.5, 
     217.5, 
     222.5, 
     227.5, 
     232.5, 
     237.5, 
     242.5, 
     247.5, 
     252.5, 
     257.5, 
     262.5, 
     267.5, 
     272.5, 
     277.5, 
     282.5, 
     0.0, 
     0.0, 
     0.0, 
     0.0, 
     0.000184, 
     0.0, 
     0.0, 
     0.000186, 
     0.002782, 
     0.005911, 
     0.007133, 
     0.006928, 
     0.009158, 
     0.011993, 
     0.016496, 
     0.017929, 
     0.016703, 
     0.020791, 
     0.022018, 
     0.025252, 
     0.028642, 
     0.029882, 
     0.037229, 
     0.037713, 
     0.038094, 
     0.049139, 
     0.052324, 
     0.059394, 
     0.062773, 
     0.068977, 
     0.074206, 
     0.079507, 
     0.07989, 
     0.08761, 
     0.09155, 
     0.092832, 
     0.097833, 
     0.100099, 
     0.110452, 
     0.119065, 
     0.121778, 
     0.129138, 
     0.117452, 
     0.12141, 
     0.120733, 
     0.114293, 
     0.12165, 
     0.116099, 
     0.111384, 
     0.11413, 
     0.103122, 
     0.0968, 
     0.100314, 
     0.09094, 
     0.090968, 
     0.089057, 
     0.082806, 
     0.079365, 
     0.073119, 
     0.073777, 
     0.073175, 
     0.069886, 
     0.065136, 
     0.071985, 
     0.065689
    ], 
    "title": "Ca(pi,pi)", 
    "accesslnk": 1, 
    "npoints": 65, 
    "errStatMinus": [
     0.0, 
     0.0, 
     0.0, 
     0.0, 
     0.0, 
     0.0, 
     0.0, 
     0.0, 
     0.0, 
     0.0, 
     0.0, 
     0.0, 
     0.0, 
     0.0, 
     0.0, 
     0.0, 
     0.0, 
     0.0, 
     0.0, 
     0.0, 
     0.0, 
     0.0, 
     0.0, 
     0.0, 
     0.0, 
     0.0, 
     0.0, 
     0.0, 
     0.0, 
     0.0, 
     0.0, 
     0.0, 
     0.0, 
     0.0, 
     0.0, 
     0.0, 
     0.0, 
     0.0, 
     0.0, 
     0.0, 
     0.0, 
     0.0, 
     0.0, 
     0.0, 
     0.0, 
     0.0, 
     0.0, 
     0.0, 
     0.0, 
     0.0, 
     0.0, 
     0.0, 
     0.0, 
     0.0, 
     0.0, 
     0.0, 
     0.0, 
     0.0, 
     0.0, 
     0.0, 
     0.0, 
     0.0, 
     0.0, 
     0.0, 
     0.0, 
     0.0, 
     0.0, 
     0.0, 
     0.0, 
     0.000184, 
     0.0, 
     0.0, 
     0.000186, 
     0.000719, 
     0.001045, 
     0.001158, 
     0.00114, 
     0.001309, 
     0.001501, 
     0.001761, 
     0.001821, 
     0.001305, 
     0.001454, 
     0.001494, 
     0.001603, 
     0.001699, 
     0.001729, 
     0.001929, 
     0.001932, 
     0.00194, 
     0.00206, 
     0.002156, 
     0.002114, 
     0.002113, 
     0.002175, 
     0.002307, 
     0.002321, 
     0.002319, 
     0.002424, 
     0.002472, 
     0.002494, 
     0.002561, 
     0.002601, 
     0.002738, 
     0.002862, 
     0.00295, 
     0.003107, 
     0.003516, 
     0.003565, 
     0.003535, 
     0.00342, 
     0.003518, 
     0.003425, 
     0.003346, 
     0.00338, 
     0.003205, 
     0.003099, 
     0.003165, 
     0.003038, 
     0.003092, 
     0.004182, 
     0.003999, 
     0.003893, 
     0.003704, 
     0.003699, 
     0.003665, 
     0.003564, 
     0.003478, 
     0.003711, 
     0.003641
    ], 
    "scoreslnk": 2
   }, 
   "parnames": [
    "q"
   ]
  }, 
  {
   "targetlnk": 20, 
   "trid": 1, 
   "secondarylnk": 0, 
   "mcdetaillnk": 1, 
   "parvalues": [
    "600MeV/c"
   ], 
   "observablelnk": 21, 
   "testlnk": 0, 
   "referencelnk": 37, 
   "reactionlnk": 4, 
   "beamlnk": 34, 
   "datatable": {
    "dtid": 1, 
    "imageblobslnk": null, 
    "datatypeslnk": 1000, 
    "axisTitle": [
     "Energy loss omega [MeV]", 
     "d 2 sigma/domega dw [mb/sr MeV]"
    ],