{
 "ResultList": [
  {
   "targetlnk": 20, 
   "trid": 1, 
   "secondarylnk": 0, 
   "mcdetaillnk": 1, 
   "parvalues": [
    "650MeV/c"
   ], 
   "observablelnk": 21, 
   "testlnk": 0, 
   "referencelnk": 37, 
   "reactionlnk": 4, 
   "beamlnk": 34, 
   "datatable": {
    "dtid": 1, 
    "imageblobslnk": null, 
    "datatypeslnk": 1000, 
    "axisTitle": [
     "Energy loss omega [MeV]", 
     "d 2 sigma/domega dw [mb/sr MeV]"
    ], 
    "errStatPlus": [
     0.0, 
     0.0, 
     0.0, 
     0.0, 
     0.0, 
     0.0, 
     0.0, 
     0.0, 
     0.0, 
     0.0, 
     0.0, 
     0.0, 
     0.0, 
     0.0, 
     0.0, 
     0.0, 
     0.0, 
     0.0, 
     0.0, 
     0.0, 
     0.0, 
     0.0, 
     0.0, 
     0.0, 
     0.0, 
     0.0, 
     0.0, 
     0.0, 
     0.0, 
     0.0, 
     0.0, 
     0.0, 
     0.0, 
     0.0, 
     0.0, 
     0.0, 
     0.0, 
     0.0, 
     0.0, 
     0.0, 
     0.0, 
     0.0, 
     0.0, 
     0.0, 
     0.0, 
     0.0, 
     0.0, 
     0.0, 
     0.0, 
     0.0, 
     0.0, 
     0.0, 
     0.0, 
     0.0, 
     0.0, 
     0.0, 
     0.0, 
     0.0, 
     0.0, 
     0.0, 
     0.0, 
     0.0, 
     0.0, 
     0.0, 
     0.0, 
     0.0, 
     0.0, 
     0.0, 
     0.0, 
     0.0, 
     0.0, 
     0.0, 
     0.0, 
     0.0, 
     0.0, 
     0.000266, 
     0.0, 
     0.0, 
     0.0, 
     0.0, 
     0.0006, 
     0.000458, 
     0.000597, 
     0.000577, 
     0.000733, 
     0.000664, 
     0.000883, 
     0.001005, 
     0.001001, 
     0.001223, 
     0.001029, 
     0.001281, 
     0.001435, 
     0.00121, 
     0.001267, 
     0.001251, 
     0.001314, 
     0.001421, 
     0.001451, 
     0.001482, 
     0.001544, 
     0.001624, 
     0.00174, 
     0.001739, 
     0.001944, 
     0.001897, 
     0.001929, 
     0.002015, 
     0.002053, 
     0.002137, 
     0.002215, 
     0.002324, 
     0.002533, 
     0.002446, 
     0.00263, 
     0.002866, 
     0.003111, 
     0.003155, 
     0.003188, 
     0.003346, 
     0.003323, 
     0.003156, 
     0.00333, 
     0.003387, 
     0.003099, 
     0.00342, 
     0.003665, 
     0.003447, 
     0.00466, 
     0.004347, 
     0.004404, 
     0.004217, 
     0.004396, 
     0.004476, 
     0.004239, 
     0.004641, 
     0.004597, 
     0.004843, 
     0.004535, 
     0.005054
    ], 
    "val": [
     -37.5, 
     -32.5, 
     -27.5, 
     -22.5, 
     -17.5, 
     -12.5, 
     -7.5, 
     -2.5, 
     2.5, 
     7.5, 
     12.5, 
     17.5, 
     22.5, 
     27.5, 
     32.5, 
     37.5, 
     42.5, 
     47.5, 
     52.5, 
     57.5, 
     62.5, 
     67.5, 
     72.5, 
     77.5, 
     82.5, 
     87.5, 
     92.5, 
     97.5, 
     102.5, 
     107.5, 
     112.5, 
     117.5, 
     122.5, 
     127.5, 
     132.5, 
     137.5, 
     142.5, 
     147.5, 
     152.5, 
     157.5, 
     162.5, 
     167.5, 
     172.5, 
     177.5, 
     182.5, 
     187.5, 
     192.5, 
     197.5, 
     202.5, 
     207.5, 
     212.5, 
     217.5, 
     222.5, 
     227.5, 
     232.5, 
     237.5, 
     242.5, 
     247.5, 
     252.5, 
     257.5, 
     262.5, 
     267.5, 
     272.5, 
     277.5, 
     282.5, 
     287.5, 
     292.5, 
     297.5, 
     302.5, 
     307.5, 
     0.0, 
     0.0, 
     0.0, 
     0.0, 
     0.0, 
     0.000266, 
     0.0, 
     0.0, 
     0.0, 
     0.0, 
     0.00158, 
     0.001624, 
     0.002798, 
     0.002753, 
     0.004397, 
     0.003561, 
     0.006395, 
     0.008125, 
     0.008024, 
     0.012139, 
     0.010356, 
     0.014233, 
     0.017193, 
     0.016331, 
     0.017615, 
     0.017809, 
     0.019629, 
     0.023248, 
     0.024262, 
     0.025295, 
     0.027733, 
     0.030617, 
     0.035117, 
     0.034938, 
     0.043032, 
     0.041297, 
     0.042717, 
     0.046651, 
     0.047922, 
     0.051029, 
     0.054402, 
     0.058371, 
     0.066403, 
     0.059663, 
     0.063762, 
     0.069782, 
     0.071887, 
     0.07402, 
     0.075787, 
     0.080007, 
     0.082331, 
     0.073308, 
     0.082053, 
     0.08392, 
     0.068748, 
     0.078511, 
     0.085975, 
     0.073331, 
     0.082757, 
     0.071473, 
     0.074091, 
     0.067685, 
     0.072436, 
     0.072495, 
     0.064275, 
     0.063571, 
     0.066478, 
     0.061728, 
     0.053385, 
     0.059003
    ], 
    "title": "Ca(pi,pi)", 
    "accesslnk": 1, 
    "npoints": 70, 
    "errStatMinus": [
     0.0, 
     0.0, 
     0.0, 
     0.0, 
     0.0, 
     0.0, 
     0.0, 
     0.0, 
     0.0, 
     0.0, 
     0.0, 
     0.0, 
     0.0, 
     0.0, 
     0.0, 
     0.0, 
     0.0, 
     0.0, 
     0.0, 
     0.0, 
     0.0, 
     0.0, 
     0.0, 
     0.0, 
     0.0, 
     0.0, 
     0.0, 
     0.0, 
     0.0, 
     0.0, 
     0.0, 
     0.0, 
     0.0, 
     0.0, 
     0.0, 
     0.0, 
     0.0, 
     0.0, 
     0.0, 
     0.0, 
     0.0, 
     0.0, 
     0.0, 
     0.0, 
     0.0, 
     0.0, 
     0.0, 
     0.0, 
     0.0, 
     0.0, 
     0.0, 
     0.0, 
     0.0, 
     0.0, 
     0.0, 
     0.0, 
     0.0, 
     0.0, 
     0.0, 
     0.0, 
     0.0, 
     0.0, 
     0.0, 
     0.0, 
     0.0, 
     0.0, 
     0.0, 
     0.0, 
     0.0, 
     0.0, 
     0.0, 
     0.0, 
     0.0, 
     0.0, 
     0.0, 
     0.000266, 
     0.0, 
     0.0, 
     0.0, 
     0.0, 
     0.0006, 
     0.000458, 
     0.000597, 
     0.000577, 
     0.000733, 
     0.000664, 
     0.000883, 
     0.001005, 
     0.001001, 
     0.001223, 
     0.001029, 
     0.001281, 
     0.001435, 
     0.00121, 
     0.001267, 
     0.001251, 
     0.001314, 
     0.001421, 
     0.001451, 
     0.001482, 
     0.001544, 
     0.001624, 
     0.00174, 
     0.001739, 
     0.001944, 
     0.001897, 
     0.001929, 
     0.002015, 
     0.002053, 
     0.002137, 
     0.002215, 
     0.002324, 
     0.002533, 
     0.002446, 
     0.00263, 
     0.002866, 
     0.003111, 
     0.003155, 
     0.003188, 
     0.003346, 
     0.003323, 
     0.003156, 
     0.00333, 
     0.003387, 
     0.003099, 
     0.00342, 
     0.003665, 
     0.003447, 
     0.00466, 
     0.004347, 
     0.004404, 
     0.004217, 
     0.004396, 
     0.004476, 
     0.004239, 
     0.004641, 
     0.004597, 
     0.004843, 
     0.004535, 
     0.005054
    ], 
    "scoreslnk": 2
   }, 
   "parnames": [
    "q"
   ]
  }
 ]
}
