{
 "ResultList": [
  {
   "targetlnk": 337, 
   "trid": 1, 
   "secondarylnk": 0, 
   "mcdetaillnk": 1, 
   "parvalues": [
    "350MeV/c"
   ], 
   "observablelnk": 21, 
   "testlnk": 0, 
   "referencelnk": 37, 
   "reactionlnk": 4, 
   "beamlnk": 34, 
   "datatable": {
    "dtid": 1, 
    "imageblobslnk": null, 
    "datatypeslnk": 1000, 
    "axisTitle": [
     "Energy loss omega [MeV]", 
     "d 2 sigma/domega dw [mb/sr MeV]"
    ], 
    "errStatPlus": [
     0.0, 
     0.0, 
     0.0, 
     0.0, 
     0.0, 
     0.0, 
     0.0, 
     0.0, 
     0.0, 
     0.0, 
     0.0, 
     0.0, 
     0.0, 
     0.0, 
     0.0, 
     0.0, 
     0.0, 
     0.0, 
     0.0, 
     0.0, 
     0.0, 
     0.0, 
     0.0, 
     0.0, 
     0.0, 
     0.0, 
     0.0, 
     0.0, 
     0.0, 
     0.0, 
     0.0, 
     0.0, 
     0.0, 
     0.0, 
     0.0, 
     0.0, 
     0.0, 
     0.0, 
     0.0, 
     0.0, 
     0.0, 
     0.0, 
     0.0, 
     0.0, 
     0.0, 
     0.0, 
     0.0, 
     0.0, 
     0.0, 
     0.0, 
     0.0, 
     0.0, 
     0.0, 
     0.0, 
     0.0, 
     0.0, 
     0.0, 
     0.0, 
     0.0, 
     4.5e-05, 
     0.000112, 
     0.000154, 
     0.000184, 
     0.000221, 
     0.000407, 
     0.002038, 
     0.009333, 
     0.00435, 
     0.004491, 
     0.003034, 
     0.003444, 
     0.006687, 
     0.005191, 
     0.005153, 
     0.005379, 
     0.005912, 
     0.006614, 
     0.00697, 
     0.006926, 
     0.006422, 
     0.005823, 
     0.005328, 
     0.003822, 
     0.003426, 
     0.003086, 
     0.002876, 
     0.002692, 
     0.002404, 
     0.003324, 
     0.003027, 
     0.002893, 
     0.002559, 
     0.002425, 
     0.002301, 
     0.002088, 
     0.001682, 
     0.001531, 
     0.001564, 
     0.001335, 
     0.001283, 
     0.001219, 
     0.001219, 
     0.001356, 
     0.001387, 
     0.001738, 
     0.002134, 
     0.002214, 
     0.002268, 
     0.00247, 
     0.002719, 
     0.002917, 
     0.003552, 
     0.004231, 
     0.004901
    ], 
    "val": [
     -37.5, 
     -32.5, 
     -27.5, 
     -22.5, 
     -17.5, 
     -12.5, 
     -7.5, 
     -2.5, 
     2.5, 
     7.5, 
     12.5, 
     17.5, 
     22.5, 
     27.5, 
     32.5, 
     37.5, 
     42.5, 
     47.5, 
     52.5, 
     57.5, 
     62.5, 
     67.5, 
     72.5, 
     77.5, 
     82.5, 
     87.5, 
     92.5, 
     97.5, 
     102.5, 
     107.5, 
     112.5, 
     117.5, 
     122.5, 
     127.5, 
     132.5, 
     137.5, 
     142.5, 
     147.5, 
     152.5, 
     157.5, 
     162.5, 
     167.5, 
     172.5, 
     177.5, 
     182.5, 
     187.5, 
     192.5, 
     197.5, 
     202.5, 
     207.5, 
     212.5, 
     217.5, 
     222.5, 
     227.5, 
     232.5, 
     237.5, 
     242.5, 
     0.0, 
     0.0, 
     -7.8e-05, 
     1.4e-05, 
     -0.00016, 
     -0.000277, 
     -0.000213, 
     0.000178, 
     -0.012654, 
     0.021394, 
     0.002002, 
     0.020109, 
     0.001195, 
     0.024118, 
     0.364106, 
     0.14922, 
     0.133314, 
     0.150214, 
     0.219379, 
     0.317465, 
     0.372554, 
     0.365125, 
     0.286282, 
     0.212596, 
     0.147638, 
     0.110887, 
     0.075367, 
     0.057628, 
     0.044273, 
     0.0424, 
     0.025317, 
     0.020558, 
     0.017831, 
     0.02003, 
     0.01115, 
     0.010232, 
     0.011494, 
     0.004721, 
     0.006865, 
     0.004223, 
     0.007676, 
     0.004966, 
     0.005625, 
     0.003545, 
     0.00429, 
     0.005424, 
     0.005253, 
     0.006509, 
     0.008328, 
     0.009935, 
     0.007187, 
     0.008355, 
     0.008411, 
     0.009842, 
     0.017382, 
     0.012842, 
     0.010398
    ], 
    "title": "D(pi,pi)", 
    "accesslnk": 1, 
    "npoints": 57, 
    "errStatMinus": [
     0.0, 
     0.0, 
     0.0, 
     0.0, 
     0.0, 
     0.0, 
     0.0, 
     0.0, 
     0.0, 
     0.0, 
     0.0, 
     0.0, 
     0.0, 
     0.0, 
     0.0, 
     0.0, 
     0.0, 
     0.0, 
     0.0, 
     0.0, 
     0.0, 
     0.0, 
     0.0, 
     0.0, 
     0.0, 
     0.0, 
     0.0, 
     0.0, 
     0.0, 
     0.0, 
     0.0, 
     0.0, 
     0.0, 
     0.0, 
     0.0, 
     0.0, 
     0.0, 
     0.0, 
     0.0, 
     0.0, 
     0.0, 
     0.0, 
     0.0, 
     0.0, 
     0.0, 
     0.0, 
     0.0, 
     0.0, 
     0.0, 
     0.0, 
     0.0, 
     0.0, 
     0.0, 
     0.0, 
     0.0, 
     0.0, 
     0.0, 
     0.0, 
     0.0, 
     4.5e-05, 
     0.000112, 
     0.000154, 
     0.000184, 
     0.000221, 
     0.000407, 
     0.002038, 
     0.009333, 
     0.00435, 
     0.004491, 
     0.003034, 
     0.003444, 
     0.006687, 
     0.005191, 
     0.005153, 
     0.005379, 
     0.005912, 
     0.006614, 
     0.00697, 
     0.006926, 
     0.006422, 
     0.005823, 
     0.005328, 
     0.003822, 
     0.003426, 
     0.003086, 
     0.002876, 
     0.002692, 
     0.002404, 
     0.003324, 
     0.003027, 
     0.002893, 
     0.002559, 
     0.002425, 
     0.002301, 
     0.002088, 
     0.001682, 
     0.001531, 
     0.001564, 
     0.001335, 
     0.001283, 
     0.001219, 
     0.001219, 
     0.001356, 
     0.001387, 
     0.001738, 
     0.002134, 
     0.002214, 
     0.002268, 
     0.00247, 
     0.002719, 
     0.002917, 
     0.003552, 
     0.004231, 
     0.004901
    ], 
    "scoreslnk": 2
   }, 
   "parnames": [
    "q"
   ]
  }, 
  {
   "targetlnk": 337, 
   "trid": 1, 
   "secondarylnk": 0, 
   "mcdetaillnk": 1, 
   "parvalues": [
    "375MeV/c"
   ], 
   "observablelnk": 21, 
   "testlnk": 0, 
   "referencelnk": 37, 
   "reactionlnk": 4, 
   "beamlnk": 34, 
   "datatable": {
    "dtid": 1, 
    "imageblobslnk": null, 
    "datatypeslnk": 1000, 
    "axisTitle": [
     "Energy loss omega [MeV]", 
     "d 2 sigma/domega dw [mb/sr MeV]"
    ], 
    "errStatPlus": [
     0.0, 
     0.0, 
     0.0, 
     0.0, 
     0.0, 
     0.0, 
     0.0, 
     0.0, 
     0.0, 
     0.0, 
     0.0, 
     0.0, 
     0.0, 
     0.0, 
     0.0, 
     0.0, 
     0.0, 
     0.0, 
     0.0, 
     0.0, 
     0.0, 
     0.0, 
     0.0, 
     0.0, 
     0.0, 
     0.0, 
     0.0, 
     0.0, 
     0.0, 
     0.0, 
     0.0, 
     0.0, 
     0.0, 
     0.0, 
     0.0, 
     0.0, 
     0.0, 
     0.0, 
     0.0, 
     0.0, 
     0.0, 
     0.0, 
     0.0, 
     0.0, 
     0.0, 
     0.0, 
     0.0, 
     0.0, 
     0.0, 
     0.0, 
     0.0, 
     0.0, 
     0.0, 
     0.0, 
     0.0, 
     0.0, 
     0.0, 
     0.0, 
     0.0, 
     0.0, 
     3.4e-05, 
     5.6e-05, 
     7e-05, 
     0.000228, 
     0.000271, 
     0.000293, 
     0.001187, 
     0.004233, 
     0.002664, 
     0.003735, 
     0.002577, 
     0.002468, 
     0.003152, 
     0.005377, 
     0.004191, 
     0.004213, 
     0.004575, 
     0.00501, 
     0.005627, 
     0.006151, 
     0.00641, 
     0.006161, 
     0.005768, 
     0.004857, 
     0.004528, 
     0.003426, 
     0.003007, 
     0.00279, 
     0.002583, 
     0.002419, 
     0.002249, 
     0.003116, 
     0.002853, 
     0.002654, 
     0.002588, 
     0.00237, 
     0.001794, 
     0.00157, 
     0.001509, 
     0.001366, 
     0.001313, 
     0.001252, 
     0.001212, 
     0.001206, 
     0.001215, 
     0.001743, 
     0.001436, 
     0.001619, 
     0.001874, 
     0.001929, 
     0.00185, 
     0.002114, 
     0.00209, 
     0.002208, 
     0.002289, 
     0.002471
    ],