{
 "ResultList": [
  {
   "targetlnk": 337, 
   "trid": 1, 
   "secondarylnk": 0, 
   "mcdetaillnk": 1, 
   "parvalues": [
    "425MeV/c"
   ], 
   "observablelnk": 21, 
   "testlnk": 0, 
   "referencelnk": 37, 
   "reactionlnk": 4, 
   "beamlnk": 34, 
   "datatable": {
    "dtid": 1, 
    "imageblobslnk": null, 
    "datatypeslnk": 1000, 
    "axisTitle": [
     "Energy loss omega [MeV]", 
     "d 2 sigma/domega dw [mb/sr MeV]"
    ], 
    "errStatPlus": [
     0.0, 
     0.0, 
     0.0, 
     0.0, 
     0.0, 
     0.0, 
     0.0, 
     0.0, 
     0.0, 
     0.0, 
     0.0, 
     0.0, 
     0.0, 
     0.0, 
     0.0, 
     0.0, 
     0.0, 
     0.0, 
     0.0, 
     0.0, 
     0.0, 
     0.0, 
     0.0, 
     0.0, 
     0.0, 
     0.0, 
     0.0, 
     0.0, 
     0.0, 
     0.0, 
     0.0, 
     0.0, 
     0.0, 
     0.0, 
     0.0, 
     0.0, 
     0.0, 
     0.0, 
     0.0, 
     0.0, 
     0.0, 
     0.0, 
     0.0, 
     0.0, 
     0.0, 
     0.0, 
     0.0, 
     0.0, 
     0.0, 
     0.0, 
     0.0, 
     0.0, 
     0.0, 
     0.0, 
     0.0, 
     0.0, 
     0.0, 
     0.0, 
     0.0, 
     0.0, 
     0.0, 
     2.5e-05, 
     0.000108, 
     0.000148, 
     9.9e-05, 
     0.000109, 
     0.000114, 
     0.000137, 
     0.000344, 
     0.002852, 
     0.001343, 
     0.001686, 
     0.001461, 
     0.00167, 
     0.001721, 
     0.001976, 
     0.002364, 
     0.003562, 
     0.003009, 
     0.003067, 
     0.003313, 
     0.003528, 
     0.003828, 
     0.004211, 
     0.004641, 
     0.004654, 
     0.003919, 
     0.003736, 
     0.003572, 
     0.003256, 
     0.002971, 
     0.002714, 
     0.002547, 
     0.003612, 
     0.003462, 
     0.002613, 
     0.002448, 
     0.002333, 
     0.002088, 
     0.001931, 
     0.001843, 
     0.001771, 
     0.001651, 
     0.001541, 
     0.001518, 
     0.001379, 
     0.00131, 
     0.001358, 
     0.001222, 
     0.001314, 
     0.001779, 
     0.001806, 
     0.001728, 
     0.001695, 
     0.001757, 
     0.00173, 
     0.001661, 
     0.001726, 
     0.00184, 
     0.002312
    ], 
    "val": [
     -37.5, 
     -32.5, 
     -27.5, 
     -22.5, 
     -17.5, 
     -12.5, 
     -7.5, 
     -2.5, 
     2.5, 
     7.5, 
     12.5, 
     17.5, 
     22.5, 
     27.5, 
     32.5, 
     37.5, 
     42.5, 
     47.5, 
     52.5, 
     57.5, 
     62.5, 
     67.5, 
     72.5, 
     77.5, 
     82.5, 
     87.5, 
     92.5, 
     97.5, 
     102.5, 
     107.5, 
     112.5, 
     117.5, 
     122.5, 
     127.5, 
     132.5, 
     137.5, 
     142.5, 
     147.5, 
     152.5, 
     157.5, 
     162.5, 
     167.5, 
     172.5, 
     177.5, 
     182.5, 
     187.5, 
     192.5, 
     197.5, 
     202.5, 
     207.5, 
     212.5, 
     217.5, 
     222.5, 
     227.5, 
     232.5, 
     237.5, 
     242.5, 
     247.5, 
     252.5, 
     257.5, 
     0.0, 
     -2.5e-05, 
     1.6e-05, 
     0.000128, 
     4.4e-05, 
     -3e-06, 
     -5.1e-05, 
     -0.000221, 
     -0.000416, 
     0.004439, 
     -0.005911, 
     0.001154, 
     0.001584, 
     -0.001044, 
     0.000568, 
     -0.000787, 
     0.015747, 
     0.084457, 
     0.037645, 
     0.03422, 
     0.043264, 
     0.052778, 
     0.071266, 
     0.1035, 
     0.140266, 
     0.183118, 
     0.207295, 
     0.181241, 
     0.157453, 
     0.115204, 
     0.086019, 
     0.062025, 
     0.046995, 
     0.034968, 
     0.031609, 
     0.026555, 
     0.01937, 
     0.014635, 
     0.011895, 
     0.009289, 
     0.010456, 
     0.009413, 
     0.009031, 
     0.007026, 
     0.010839, 
     0.005289, 
     0.005531, 
     0.00571, 
     0.004099, 
     0.005097, 
     0.005165, 
     0.006685, 
     0.006414, 
     0.006155, 
     0.009289, 
     0.008041, 
     0.007209, 
     0.007695, 
     0.01021, 
     0.010669
    ], 
    "title": "D(pi,pi)", 
    "accesslnk": 1, 
    "npoints": 60, 
    "errStatMinus": [
     0.0, 
     0.0, 
     0.0, 
     0.0, 
     0.0, 
     0.0, 
     0.0, 
     0.0, 
     0.0, 
     0.0, 
     0.0, 
     0.0, 
     0.0, 
     0.0, 
     0.0, 
     0.0, 
     0.0, 
     0.0, 
     0.0, 
     0.0, 
     0.0, 
     0.0, 
     0.0, 
     0.0, 
     0.0, 
     0.0, 
     0.0, 
     0.0, 
     0.0, 
     0.0, 
     0.0, 
     0.0, 
     0.0, 
     0.0, 
     0.0, 
     0.0, 
     0.0, 
     0.0, 
     0.0, 
     0.0, 
     0.0, 
     0.0, 
     0.0, 
     0.0, 
     0.0, 
     0.0, 
     0.0, 
     0.0, 
     0.0, 
     0.0, 
     0.0, 
     0.0, 
     0.0, 
     0.0, 
     0.0, 
     0.0, 
     0.0, 
     0.0, 
     0.0, 
     0.0, 
     0.0, 
     2.5e-05, 
     0.000108, 
     0.000148, 
     9.9e-05, 
     0.000109, 
     0.000114, 
     0.000137, 
     0.000344, 
     0.002852, 
     0.001343, 
     0.001686, 
     0.001461, 
     0.00167, 
     0.001721, 
     0.001976, 
     0.002364, 
     0.003562, 
     0.003009, 
     0.003067, 
     0.003313, 
     0.003528, 
     0.003828, 
     0.004211, 
     0.004641, 
     0.004654, 
     0.003919, 
     0.003736, 
     0.003572, 
     0.003256, 
     0.002971, 
     0.002714, 
     0.002547, 
     0.003612, 
     0.003462, 
     0.002613, 
     0.002448, 
     0.002333, 
     0.002088, 
     0.001931, 
     0.001843, 
     0.001771, 
     0.001651, 
     0.001541, 
     0.001518, 
     0.001379, 
     0.00131, 
     0.001358, 
     0.001222, 
     0.001314, 
     0.001779, 
     0.001806, 
     0.001728, 
     0.001695, 
     0.001757, 
     0.00173, 
     0.001661, 
     0.001726, 
     0.00184, 
     0.002312
    ], 
    "scoreslnk": 2
   }, 
   "parnames": [
    "q"
   ]
  }, 
  {
   "targetlnk": 337, 
   "trid": 1, 
   "secondarylnk": 0, 
   "mcdetaillnk": 1, 
   "parvalues": [
    "450MeV/c"
   ], 
   "observablelnk": 21, 
   "testlnk": 0, 
   "referencelnk": 37, 
   "reactionlnk": 4, 
   "beamlnk": 34, 
   "datatable": {
    "dtid": 1, 
    "imageblobslnk": null, 
    "datatypeslnk": 1000, 
    "axisTitle": [
     "Energy loss omega [MeV]", 
     "d 2 sigma/domega dw [mb/sr MeV]"
    ], 
    "errStatPlus": [
     0.0, 
     0.0, 
     0.0, 
     0.0, 
     0.0, 
     0.0, 
     0.0, 
     0.0, 
     0.0, 
     0.0, 
     0.0, 
     0.0, 
     0.0, 
     0.0, 
     0.0, 
     0.0, 
     0.0, 
     0.0, 
     0.0, 
     0.0, 
     0.0, 
     0.0, 
     0.0, 
     0.0, 
     0.0, 
     0.0, 
     0.0, 
     0.0, 
     0.0, 
     0.0, 
     0.0, 
     0.0, 
     0.0, 
     0.0, 
     0.0, 
     0.0, 
     0.0, 
     0.0, 
     0.0, 
     0.0, 
     0.0, 
     0.0, 
     0.0, 
     0.0, 
     0.0, 
     0.0, 
     0.0, 
     0.0, 
     0.0, 
     0.0, 
     0.0, 
     0.0, 
     0.0, 
     0.0, 
     0.0, 
     0.0, 
     0.0, 
     0.0, 
     0.0, 
     0.0, 
     0.0, 
     0.0, 
     0.0, 
     0.0, 
     0.0, 
     3.6e-05, 
     0.000106, 
     2.6e-05, 
     6.9e-05, 
     0.00016, 
     0.000267, 
     0.002034, 
     0.001625, 
     0.001279, 
     0.001032, 
     0.001387, 
     0.001453, 
     0.001557, 
     0.001662, 
     0.001939, 
     0.003, 
     0.002884, 
     0.002657, 
     0.002802, 
     0.002979, 
     0.002456, 
     0.00268, 
     0.002972, 
     0.003187, 
     0.003416, 
     0.003553, 
     0.003507, 
     0.003282, 
     0.003071, 
     0.002797, 
     0.003935, 
     0.003637, 
     0.002681, 
     0.00256, 
     0.002471, 
     0.002253, 
     0.002146, 
     0.002018, 
     0.001959, 
     0.001848, 
     0.001746, 
     0.001636, 
     0.00155, 
     0.001464, 
     0.00136, 
     0.001315, 
     0.001321, 
     0.001459, 
     0.001729, 
     0.001808, 
     0.001887, 
     0.001753, 
     0.001613, 
     0.001731, 
     0.001782, 
     0.001735, 
     0.001837, 
     0.001847, 
     0.003605
    ],