{
 "ResultList": [
  {
   "targetlnk": 337, 
   "trid": 1, 
   "secondarylnk": 0, 
   "mcdetaillnk": 1, 
   "parvalues": [
    "500MeV/c"
   ], 
   "observablelnk": 21, 
   "testlnk": 0, 
   "referencelnk": 37, 
   "reactionlnk": 4, 
   "beamlnk": 34, 
   "datatable": {
    "dtid": 1, 
    "imageblobslnk": null, 
    "datatypeslnk": 1000, 
    "axisTitle": [
     "Energy loss omega [MeV]", 
     "d 2 sigma/domega dw [mb/sr MeV]"
    ], 
    "errStatPlus": [
     0.0, 
     0.0, 
     0.0, 
     0.0, 
     0.0, 
     0.0, 
     0.0, 
     0.0, 
     0.0, 
     0.0, 
     0.0, 
     0.0, 
     0.0, 
     0.0, 
     0.0, 
     0.0, 
     0.0, 
     0.0, 
     0.0, 
     0.0, 
     0.0, 
     0.0, 
     0.0, 
     0.0, 
     0.0, 
     0.0, 
     0.0, 
     0.0, 
     0.0, 
     0.0, 
     0.0, 
     0.0, 
     0.0, 
     0.0, 
     0.0, 
     0.0, 
     0.0, 
     0.0, 
     0.0, 
     0.0, 
     0.0, 
     0.0, 
     0.0, 
     0.0, 
     0.0, 
     0.0, 
     0.0, 
     0.0, 
     0.0, 
     0.0, 
     0.0, 
     0.0, 
     0.0, 
     0.0, 
     0.0, 
     0.0, 
     0.0, 
     0.0, 
     0.0, 
     0.0, 
     0.0, 
     0.0, 
     0.0, 
     0.0, 
     0.0, 
     0.0, 
     0.0, 
     0.0, 
     0.0, 
     3.8e-05, 
     2.7e-05, 
     0.000158, 
     6.7e-05, 
     3.8e-05, 
     0.000478, 
     0.001135, 
     0.001384, 
     0.000894, 
     0.000888, 
     0.001093, 
     0.001184, 
     0.001185, 
     0.001195, 
     0.001319, 
     0.001376, 
     0.00165, 
     0.001618, 
     0.001479, 
     0.001528, 
     0.001605, 
     0.001735, 
     0.00186, 
     0.002005, 
     0.002221, 
     0.002342, 
     0.00244, 
     0.002511, 
     0.002557, 
     0.002862, 
     0.002535, 
     0.002341, 
     0.002217, 
     0.002696, 
     0.002487, 
     0.0024, 
     0.002216, 
     0.002143, 
     0.00212, 
     0.001997, 
     0.001859, 
     0.001834, 
     0.001708, 
     0.001643, 
     0.001553, 
     0.001503, 
     0.001421, 
     0.001392, 
     0.001675, 
     0.001452, 
     0.00179, 
     0.001848, 
     0.001757, 
     0.001698, 
     0.001644, 
     0.001655, 
     0.001695, 
     0.00168, 
     0.001635, 
     0.003006, 
     0.002338
    ], 
    "val": [
     -37.5, 
     -32.5, 
     -27.5, 
     -22.5, 
     -17.5, 
     -12.5, 
     -7.5, 
     -2.5, 
     2.5, 
     7.5, 
     12.5, 
     17.5, 
     22.5, 
     27.5, 
     32.5, 
     37.5, 
     42.5, 
     47.5, 
     52.5, 
     57.5, 
     62.5, 
     67.5, 
     72.5, 
     77.5, 
     82.5, 
     87.5, 
     92.5, 
     97.5, 
     102.5, 
     107.5, 
     112.5, 
     117.5, 
     122.5, 
     127.5, 
     132.5, 
     137.5, 
     142.5, 
     147.5, 
     152.5, 
     157.5, 
     162.5, 
     167.5, 
     172.5, 
     177.5, 
     182.5, 
     187.5, 
     192.5, 
     197.5, 
     202.5, 
     207.5, 
     212.5, 
     217.5, 
     222.5, 
     227.5, 
     232.5, 
     237.5, 
     242.5, 
     247.5, 
     252.5, 
     257.5, 
     262.5, 
     267.5, 
     272.5, 
     277.5, 
     282.5, 
     0.0, 
     0.0, 
     0.0, 
     0.0, 
     -5.3e-05, 
     -2.7e-05, 
     0.00019, 
     -0.000165, 
     -5.4e-05, 
     -0.000495, 
     -6.5e-05, 
     0.000784, 
     -0.000896, 
     0.00061, 
     0.001957, 
     0.002048, 
     0.000601, 
     -0.000486, 
     0.001148, 
     -0.000369, 
     0.013061, 
     0.019995, 
     0.009524, 
     0.008767, 
     0.010248, 
     0.013633, 
     0.020449, 
     0.025966, 
     0.041871, 
     0.060269, 
     0.079099, 
     0.096797, 
     0.10728, 
     0.116197, 
     0.101925, 
     0.077712, 
     0.069326, 
     0.051522, 
     0.039166, 
     0.031382, 
     0.021041, 
     0.019294, 
     0.017933, 
     0.01477, 
     0.008656, 
     0.011861, 
     0.008609, 
     0.008611, 
     0.008177, 
     0.008424, 
     0.005303, 
     0.005256, 
     0.003655, 
     0.00144, 
     0.001778, 
     0.006011, 
     0.005227, 
     0.00434, 
     0.004813, 
     0.005214, 
     0.006304, 
     0.007107, 
     0.004232, 
     0.003657, 
     0.006007
    ], 
    "title": "D(pi,pi)", 
    "accesslnk": 1, 
    "npoints": 65, 
    "errStatMinus": [
     0.0, 
     0.0, 
     0.0, 
     0.0, 
     0.0, 
     0.0, 
     0.0, 
     0.0, 
     0.0, 
     0.0, 
     0.0, 
     0.0, 
     0.0, 
     0.0, 
     0.0, 
     0.0, 
     0.0, 
     0.0, 
     0.0, 
     0.0, 
     0.0, 
     0.0, 
     0.0, 
     0.0, 
     0.0, 
     0.0, 
     0.0, 
     0.0, 
     0.0, 
     0.0, 
     0.0, 
     0.0, 
     0.0, 
     0.0, 
     0.0, 
     0.0, 
     0.0, 
     0.0, 
     0.0, 
     0.0, 
     0.0, 
     0.0, 
     0.0, 
     0.0, 
     0.0, 
     0.0, 
     0.0, 
     0.0, 
     0.0, 
     0.0, 
     0.0, 
     0.0, 
     0.0, 
     0.0, 
     0.0, 
     0.0, 
     0.0, 
     0.0, 
     0.0, 
     0.0, 
     0.0, 
     0.0, 
     0.0, 
     0.0, 
     0.0, 
     0.0, 
     0.0, 
     0.0, 
     0.0, 
     3.8e-05, 
     2.7e-05, 
     0.000158, 
     6.7e-05, 
     3.8e-05, 
     0.000478, 
     0.001135, 
     0.001384, 
     0.000894, 
     0.000888, 
     0.001093, 
     0.001184, 
     0.001185, 
     0.001195, 
     0.001319, 
     0.001376, 
     0.00165, 
     0.001618, 
     0.001479, 
     0.001528, 
     0.001605, 
     0.001735, 
     0.00186, 
     0.002005, 
     0.002221, 
     0.002342, 
     0.00244, 
     0.002511, 
     0.002557, 
     0.002862, 
     0.002535, 
     0.002341, 
     0.002217, 
     0.002696, 
     0.002487, 
     0.0024, 
     0.002216, 
     0.002143, 
     0.00212, 
     0.001997, 
     0.001859, 
     0.001834, 
     0.001708, 
     0.001643, 
     0.001553, 
     0.001503, 
     0.001421, 
     0.001392, 
     0.001675, 
     0.001452, 
     0.00179, 
     0.001848, 
     0.001757, 
     0.001698, 
     0.001644, 
     0.001655, 
     0.001695, 
     0.00168, 
     0.001635, 
     0.003006, 
     0.002338
    ], 
    "scoreslnk": 2
   }, 
   "parnames": [
    "q"
   ]
  }, 
  {
   "targetlnk": 337, 
   "trid": 1, 
   "secondarylnk": 0, 
   "mcdetaillnk": 1, 
   "parvalues": [
    "525MeV/c"
   ], 
   "observablelnk": 21, 
   "testlnk": 0, 
   "referencelnk": 37, 
   "reactionlnk": 4, 
   "beamlnk": 34, 
   "datatable": {
    "dtid": 1, 
    "imageblobslnk": null, 
    "datatypeslnk": 1000, 
    "axisTitle": [
     "Energy loss omega [MeV]", 
     "d 2 sigma/domega dw [mb/sr MeV]"
    ],