{
 "ResultList": [
  {
   "targetlnk": 337, 
   "trid": 1, 
   "secondarylnk": 0, 
   "mcdetaillnk": 1, 
   "parvalues": [
    "575MeV/c"
   ], 
   "observablelnk": 21, 
   "testlnk": 0, 
   "referencelnk": 37, 
   "reactionlnk": 4, 
   "beamlnk": 34, 
   "datatable": {
    "dtid": 1, 
    "imageblobslnk": null, 
    "datatypeslnk": 1000, 
    "axisTitle": [
     "Energy loss omega [MeV]", 
     "d 2 sigma/domega dw [mb/sr MeV]"
    ], 
    "errStatPlus": [
     0.0, 
     0.0, 
     0.0, 
     0.0, 
     0.0, 
     0.0, 
     0.0, 
     0.0, 
     0.0, 
     0.0, 
     0.0, 
     0.0, 
     0.0, 
     0.0, 
     0.0, 
     0.0, 
     0.0, 
     0.0, 
     0.0, 
     0.0, 
     0.0, 
     0.0, 
     0.0, 
     0.0, 
     0.0, 
     0.0, 
     0.0, 
     0.0, 
     0.0, 
     0.0, 
     0.0, 
     0.0, 
     0.0, 
     0.0, 
     0.0, 
     0.0, 
     0.0, 
     0.0, 
     0.0, 
     0.0, 
     0.0, 
     0.0, 
     0.0, 
     0.0, 
     0.0, 
     0.0, 
     0.0, 
     0.0, 
     0.0, 
     0.0, 
     0.0, 
     0.0, 
     0.0, 
     0.0, 
     0.0, 
     0.0, 
     0.0, 
     0.0, 
     0.0, 
     0.0, 
     0.0, 
     0.0, 
     0.0, 
     0.0, 
     0.0, 
     0.0, 
     0.0, 
     0.0, 
     3.5e-05, 
     0.0, 
     0.0, 
     0.0, 
     0.0, 
     5.1e-05, 
     4e-05, 
     0.00016, 
     0.000915, 
     0.000737, 
     0.000724, 
     0.000754, 
     0.000733, 
     0.000587, 
     0.000666, 
     0.000639, 
     0.000677, 
     0.000718, 
     0.000724, 
     0.00072, 
     0.000845, 
     0.000962, 
     0.000952, 
     0.000957, 
     0.000979, 
     0.000967, 
     0.001027, 
     0.001194, 
     0.001125, 
     0.00121, 
     0.001278, 
     0.001374, 
     0.00148, 
     0.001632, 
     0.001768, 
     0.001868, 
     0.001997, 
     0.002054, 
     0.002092, 
     0.002499, 
     0.002393, 
     0.002239, 
     0.002129, 
     0.001971, 
     0.001906, 
     0.001764, 
     0.001735, 
     0.001682, 
     0.001641, 
     0.001602, 
     0.001518, 
     0.00152, 
     0.002355, 
     0.002174, 
     0.002119, 
     0.002017, 
     0.00194, 
     0.001823, 
     0.001699, 
     0.001747, 
     0.001722, 
     0.001935
    ], 
    "val": [
     -37.5, 
     -32.5, 
     -27.5, 
     -22.5, 
     -17.5, 
     -12.5, 
     -7.5, 
     -2.5, 
     2.5, 
     7.5, 
     12.5, 
     17.5, 
     22.5, 
     27.5, 
     32.5, 
     37.5, 
     42.5, 
     47.5, 
     52.5, 
     57.5, 
     62.5, 
     67.5, 
     72.5, 
     77.5, 
     82.5, 
     87.5, 
     92.5, 
     97.5, 
     102.5, 
     107.5, 
     112.5, 
     117.5, 
     122.5, 
     127.5, 
     132.5, 
     137.5, 
     142.5, 
     147.5, 
     152.5, 
     157.5, 
     162.5, 
     167.5, 
     172.5, 
     177.5, 
     182.5, 
     187.5, 
     192.5, 
     197.5, 
     202.5, 
     207.5, 
     212.5, 
     217.5, 
     222.5, 
     227.5, 
     232.5, 
     237.5, 
     242.5, 
     247.5, 
     252.5, 
     257.5, 
     262.5, 
     267.5, 
     272.5, 
     277.5, 
     282.5, 
     0.0, 
     0.0, 
     0.0, 
     -3.5e-05, 
     0.0, 
     0.0, 
     0.0, 
     0.0, 
     -8.9e-05, 
     -5.7e-05, 
     -0.000324, 
     0.001035, 
     0.000573, 
     -0.001195, 
     0.000551, 
     -0.00076, 
     -0.00017, 
     0.000288, 
     -0.000247, 
     -0.001373, 
     0.000516, 
     -0.000113, 
     -0.001324, 
     0.000618, 
     0.003398, 
     0.005295, 
     0.003153, 
     0.003222, 
     0.003447, 
     0.004517, 
     0.004329, 
     0.007242, 
     0.009962, 
     0.01216, 
     0.017289, 
     0.022538, 
     0.031436, 
     0.041829, 
     0.049315, 
     0.055739, 
     0.061448, 
     0.057731, 
     0.055203, 
     0.046217, 
     0.036839, 
     0.031074, 
     0.020261, 
     0.017035, 
     0.013076, 
     0.011625, 
     0.009571, 
     0.00943, 
     0.00971, 
     0.005471, 
     0.006004, 
     0.008774, 
     0.00645, 
     0.005659, 
     0.004866, 
     0.004145, 
     0.002674, 
     0.002413, 
     0.001938, 
     0.003198, 
     0.005741
    ], 
    "title": "D(pi,pi)", 
    "accesslnk": 1, 
    "npoints": 65, 
    "errStatMinus": [
     0.0, 
     0.0, 
     0.0, 
     0.0, 
     0.0, 
     0.0, 
     0.0, 
     0.0, 
     0.0, 
     0.0, 
     0.0, 
     0.0, 
     0.0, 
     0.0, 
     0.0, 
     0.0, 
     0.0, 
     0.0, 
     0.0, 
     0.0, 
     0.0, 
     0.0, 
     0.0, 
     0.0, 
     0.0, 
     0.0, 
     0.0, 
     0.0, 
     0.0, 
     0.0, 
     0.0, 
     0.0, 
     0.0, 
     0.0, 
     0.0, 
     0.0, 
     0.0, 
     0.0, 
     0.0, 
     0.0, 
     0.0, 
     0.0, 
     0.0, 
     0.0, 
     0.0, 
     0.0, 
     0.0, 
     0.0, 
     0.0, 
     0.0, 
     0.0, 
     0.0, 
     0.0, 
     0.0, 
     0.0, 
     0.0, 
     0.0, 
     0.0, 
     0.0, 
     0.0, 
     0.0, 
     0.0, 
     0.0, 
     0.0, 
     0.0, 
     0.0, 
     0.0, 
     0.0, 
     3.5e-05, 
     0.0, 
     0.0, 
     0.0, 
     0.0, 
     5.1e-05, 
     4e-05, 
     0.00016, 
     0.000915, 
     0.000737, 
     0.000724, 
     0.000754, 
     0.000733, 
     0.000587, 
     0.000666, 
     0.000639, 
     0.000677, 
     0.000718, 
     0.000724, 
     0.00072, 
     0.000845, 
     0.000962, 
     0.000952, 
     0.000957, 
     0.000979, 
     0.000967, 
     0.001027, 
     0.001194, 
     0.001125, 
     0.00121, 
     0.001278, 
     0.001374, 
     0.00148, 
     0.001632, 
     0.001768, 
     0.001868, 
     0.001997, 
     0.002054, 
     0.002092, 
     0.002499, 
     0.002393, 
     0.002239, 
     0.002129, 
     0.001971, 
     0.001906, 
     0.001764, 
     0.001735, 
     0.001682, 
     0.001641, 
     0.001602, 
     0.001518, 
     0.00152, 
     0.002355, 
     0.002174, 
     0.002119, 
     0.002017, 
     0.00194, 
     0.001823, 
     0.001699, 
     0.001747, 
     0.001722, 
     0.001935
    ], 
    "scoreslnk": 2
   }, 
   "parnames": [
    "q"
   ]
  }, 
  {
   "targetlnk": 337, 
   "trid": 1, 
   "secondarylnk": 0, 
   "mcdetaillnk": 1, 
   "parvalues": [
    "600MeV/c"
   ], 
   "observablelnk": 21, 
   "testlnk": 0, 
   "referencelnk": 37, 
   "reactionlnk": 4, 
   "beamlnk": 34, 
   "datatable": {
    "dtid": 1, 
    "imageblobslnk": null, 
    "datatypeslnk": 1000, 
    "axisTitle": [
     "Energy loss omega [MeV]", 
     "d 2 sigma/domega dw [mb/sr MeV]"
    ],