{
 "ResultList": [
  {
   "targetlnk": 337, 
   "trid": 1, 
   "secondarylnk": 0, 
   "mcdetaillnk": 1, 
   "parvalues": [
    "650MeV/c"
   ], 
   "observablelnk": 21, 
   "testlnk": 0, 
   "referencelnk": 37, 
   "reactionlnk": 4, 
   "beamlnk": 34, 
   "datatable": {
    "dtid": 1, 
    "imageblobslnk": null, 
    "datatypeslnk": 1000, 
    "axisTitle": [
     "Energy loss omega [MeV]", 
     "d 2 sigma/domega dw [mb/sr MeV]"
    ], 
    "errStatPlus": [
     0.0, 
     0.0, 
     0.0, 
     0.0, 
     0.0, 
     0.0, 
     0.0, 
     0.0, 
     0.0, 
     0.0, 
     0.0, 
     0.0, 
     0.0, 
     0.0, 
     0.0, 
     0.0, 
     0.0, 
     0.0, 
     0.0, 
     0.0, 
     0.0, 
     0.0, 
     0.0, 
     0.0, 
     0.0, 
     0.0, 
     0.0, 
     0.0, 
     0.0, 
     0.0, 
     0.0, 
     0.0, 
     0.0, 
     0.0, 
     0.0, 
     0.0, 
     0.0, 
     0.0, 
     0.0, 
     0.0, 
     0.0, 
     0.0, 
     0.0, 
     0.0, 
     0.0, 
     0.0, 
     0.0, 
     0.0, 
     0.0, 
     0.0, 
     0.0, 
     0.0, 
     0.0, 
     0.0, 
     0.0, 
     0.0, 
     0.0, 
     0.0, 
     0.0, 
     0.0, 
     0.0, 
     0.0, 
     0.0, 
     0.0, 
     0.0, 
     0.0, 
     0.0, 
     0.0, 
     0.0, 
     0.0, 
     0.0, 
     0.0, 
     0.0, 
     0.0, 
     0.0, 
     0.0, 
     0.0, 
     0.0, 
     0.0, 
     0.0, 
     0.000125, 
     0.000176, 
     0.000232, 
     0.000164, 
     0.000366, 
     0.000367, 
     0.000367, 
     0.000392, 
     0.00043, 
     0.00049, 
     0.000472, 
     0.00053, 
     0.000504, 
     0.00059, 
     0.000633, 
     0.000564, 
     0.000616, 
     0.000626, 
     0.000659, 
     0.000792, 
     0.000812, 
     0.000794, 
     0.000776, 
     0.000811, 
     0.000808, 
     0.000865, 
     0.00086, 
     0.000952, 
     0.001018, 
     0.001047, 
     0.00114, 
     0.001217, 
     0.00136, 
     0.001428, 
     0.001634, 
     0.001724, 
     0.002155, 
     0.002244, 
     0.002247, 
     0.002286, 
     0.002301, 
     0.002235, 
     0.002132, 
     0.002112, 
     0.001972, 
     0.001971, 
     0.002046, 
     0.002008, 
     0.002582, 
     0.002364, 
     0.002293, 
     0.002412, 
     0.002319, 
     0.002267, 
     0.002073, 
     0.002144, 
     0.002191, 
     0.002311, 
     0.002977, 
     0.002797
    ], 
    "val": [
     -37.5, 
     -32.5, 
     -27.5, 
     -22.5, 
     -17.5, 
     -12.5, 
     -7.5, 
     -2.5, 
     2.5, 
     7.5, 
     12.5, 
     17.5, 
     22.5, 
     27.5, 
     32.5, 
     37.5, 
     42.5, 
     47.5, 
     52.5, 
     57.5, 
     62.5, 
     67.5, 
     72.5, 
     77.5, 
     82.5, 
     87.5, 
     92.5, 
     97.5, 
     102.5, 
     107.5, 
     112.5, 
     117.5, 
     122.5, 
     127.5, 
     132.5, 
     137.5, 
     142.5, 
     147.5, 
     152.5, 
     157.5, 
     162.5, 
     167.5, 
     172.5, 
     177.5, 
     182.5, 
     187.5, 
     192.5, 
     197.5, 
     202.5, 
     207.5, 
     212.5, 
     217.5, 
     222.5, 
     227.5, 
     232.5, 
     237.5, 
     242.5, 
     247.5, 
     252.5, 
     257.5, 
     262.5, 
     267.5, 
     272.5, 
     277.5, 
     282.5, 
     287.5, 
     292.5, 
     297.5, 
     302.5, 
     307.5, 
     0.0, 
     0.0, 
     0.0, 
     0.0, 
     0.0, 
     0.0, 
     0.0, 
     0.0, 
     0.0, 
     0.0, 
     0.000125, 
     -3.7e-05, 
     -8e-06, 
     -8.1e-05, 
     0.00019, 
     0.000434, 
     -0.000237, 
     -0.000457, 
     -0.000879, 
     -0.000223, 
     -0.000333, 
     -4.3e-05, 
     -0.000239, 
     0.000561, 
     0.000157, 
     -1.5e-05, 
     0.000158, 
     -0.00022, 
     -0.000142, 
     0.003411, 
     0.00339, 
     0.001578, 
     0.001032, 
     0.001321, 
     -3.4e-05, 
     0.002085, 
     0.001266, 
     0.002467, 
     0.004111, 
     0.003253, 
     0.005093, 
     0.0086, 
     0.010965, 
     0.011608, 
     0.01897, 
     0.021834, 
     0.029836, 
     0.032901, 
     0.03265, 
     0.035525, 
     0.035907, 
     0.030428, 
     0.027364, 
     0.022521, 
     0.015947, 
     0.01647, 
     0.011805, 
     0.010714, 
     0.012086, 
     0.007, 
     0.004656, 
     0.004719, 
     0.00487, 
     0.005187, 
     0.001182, 
     0.000763, 
     -0.002595, 
     0.003066, 
     0.005359, 
     0.006495
    ], 
    "title": "D(pi,pi)", 
    "accesslnk": 1, 
    "npoints": 70, 
    "errStatMinus": [
     0.0, 
     0.0, 
     0.0, 
     0.0, 
     0.0, 
     0.0, 
     0.0, 
     0.0, 
     0.0, 
     0.0, 
     0.0, 
     0.0, 
     0.0, 
     0.0, 
     0.0, 
     0.0, 
     0.0, 
     0.0, 
     0.0, 
     0.0, 
     0.0, 
     0.0, 
     0.0, 
     0.0, 
     0.0, 
     0.0, 
     0.0, 
     0.0, 
     0.0, 
     0.0, 
     0.0, 
     0.0, 
     0.0, 
     0.0, 
     0.0, 
     0.0, 
     0.0, 
     0.0, 
     0.0, 
     0.0, 
     0.0, 
     0.0, 
     0.0, 
     0.0, 
     0.0, 
     0.0, 
     0.0, 
     0.0, 
     0.0, 
     0.0, 
     0.0, 
     0.0, 
     0.0, 
     0.0, 
     0.0, 
     0.0, 
     0.0, 
     0.0, 
     0.0, 
     0.0, 
     0.0, 
     0.0, 
     0.0, 
     0.0, 
     0.0, 
     0.0, 
     0.0, 
     0.0, 
     0.0, 
     0.0, 
     0.0, 
     0.0, 
     0.0, 
     0.0, 
     0.0, 
     0.0, 
     0.0, 
     0.0, 
     0.0, 
     0.0, 
     0.000125, 
     0.000176, 
     0.000232, 
     0.000164, 
     0.000366, 
     0.000367, 
     0.000367, 
     0.000392, 
     0.00043, 
     0.00049, 
     0.000472, 
     0.00053, 
     0.000504, 
     0.00059, 
     0.000633, 
     0.000564, 
     0.000616, 
     0.000626, 
     0.000659, 
     0.000792, 
     0.000812, 
     0.000794, 
     0.000776, 
     0.000811, 
     0.000808, 
     0.000865, 
     0.00086, 
     0.000952, 
     0.001018, 
     0.001047, 
     0.00114, 
     0.001217, 
     0.00136, 
     0.001428, 
     0.001634, 
     0.001724, 
     0.002155, 
     0.002244, 
     0.002247, 
     0.002286, 
     0.002301, 
     0.002235, 
     0.002132, 
     0.002112, 
     0.001972, 
     0.001971, 
     0.002046, 
     0.002008, 
     0.002582, 
     0.002364, 
     0.002293, 
     0.002412, 
     0.002319, 
     0.002267, 
     0.002073, 
     0.002144, 
     0.002191, 
     0.002311, 
     0.002977, 
     0.002797
    ], 
    "scoreslnk": 2
   }, 
   "parnames": [
    "q"
   ]
  }
 ]
}
