{
 "ResultList": [
  {
   "targetlnk": 285, 
   "trid": 1, 
   "secondarylnk": 0, 
   "mcdetaillnk": 1, 
   "parvalues": [
    "350MeV/c"
   ], 
   "observablelnk": 21, 
   "testlnk": 0, 
   "referencelnk": 37, 
   "reactionlnk": 4, 
   "beamlnk": 34, 
   "datatable": {
    "dtid": 1, 
    "imageblobslnk": null, 
    "datatypeslnk": 1000, 
    "axisTitle": [
     "Energy loss omega [MeV]", 
     "d 2 sigma/domega dw [mb/sr MeV]"
    ], 
    "errStatPlus": [
     0.0, 
     0.0, 
     0.0, 
     0.0, 
     0.0, 
     0.0, 
     0.0, 
     0.0, 
     0.0, 
     0.0, 
     0.0, 
     0.0, 
     0.0, 
     0.0, 
     0.0, 
     0.0, 
     0.0, 
     0.0, 
     0.0, 
     0.0, 
     0.0, 
     0.0, 
     0.0, 
     0.0, 
     0.0, 
     0.0, 
     0.0, 
     0.0, 
     0.0, 
     0.0, 
     0.0, 
     0.0, 
     0.0, 
     0.0, 
     0.0, 
     0.0, 
     0.0, 
     0.0, 
     0.0, 
     0.0, 
     0.0, 
     0.0, 
     0.0, 
     0.0, 
     0.0, 
     0.0, 
     0.0, 
     0.0, 
     0.0, 
     0.0, 
     0.0, 
     0.0, 
     0.0, 
     0.0, 
     0.0, 
     0.0, 
     0.0, 
     0.0, 
     6.3e-05, 
     4.5e-05, 
     0.000112, 
     0.000235, 
     0.000291, 
     0.000315, 
     0.00059, 
     0.002127, 
     0.01135, 
     0.008324, 
     0.007421, 
     0.004906, 
     0.00515, 
     0.009022, 
     0.007227, 
     0.007202, 
     0.007591, 
     0.008308, 
     0.009124, 
     0.009571, 
     0.009496, 
     0.008834, 
     0.008122, 
     0.007411, 
     0.005231, 
     0.004648, 
     0.004299, 
     0.003868, 
     0.003624, 
     0.003205, 
     0.004385, 
     0.003965, 
     0.003723, 
     0.003333, 
     0.003086, 
     0.002966, 
     0.002641, 
     0.002146, 
     0.001935, 
     0.00192, 
     0.001767, 
     0.001643, 
     0.001579, 
     0.001551, 
     0.00167, 
     0.001901, 
     0.002187, 
     0.002672, 
     0.002788, 
     0.002844, 
     0.003149, 
     0.003371, 
     0.003677, 
     0.004502, 
     0.005367, 
     0.006261
    ], 
    "val": [
     -37.5, 
     -32.5, 
     -27.5, 
     -22.5, 
     -17.5, 
     -12.5, 
     -7.5, 
     -2.5, 
     2.5, 
     7.5, 
     12.5, 
     17.5, 
     22.5, 
     27.5, 
     32.5, 
     37.5, 
     42.5, 
     47.5, 
     52.5, 
     57.5, 
     62.5, 
     67.5, 
     72.5, 
     77.5, 
     82.5, 
     87.5, 
     92.5, 
     97.5, 
     102.5, 
     107.5, 
     112.5, 
     117.5, 
     122.5, 
     127.5, 
     132.5, 
     137.5, 
     142.5, 
     147.5, 
     152.5, 
     157.5, 
     162.5, 
     167.5, 
     172.5, 
     177.5, 
     182.5, 
     187.5, 
     192.5, 
     197.5, 
     202.5, 
     207.5, 
     212.5, 
     217.5, 
     222.5, 
     227.5, 
     232.5, 
     237.5, 
     242.5, 
     0.0, 
     6.3e-05, 
     7.8e-05, 
     -1.4e-05, 
     0.000628, 
     0.001024, 
     0.000956, 
     0.002131, 
     0.018059, 
     0.010605, 
     0.272615, 
     0.302149, 
     0.217778, 
     0.195383, 
     0.188957, 
     0.233814, 
     0.252187, 
     0.290229, 
     0.306805, 
     0.297988, 
     0.304417, 
     0.303174, 
     0.299346, 
     0.299676, 
     0.279178, 
     0.231719, 
     0.207504, 
     0.180823, 
     0.157235, 
     0.119419, 
     0.11304, 
     0.09776, 
     0.078932, 
     0.061903, 
     0.05799, 
     0.04582, 
     0.042983, 
     0.036339, 
     0.035005, 
     0.033844, 
     0.025754, 
     0.026306, 
     0.025277, 
     0.026146, 
     0.02272, 
     0.021482, 
     0.023969, 
     0.021793, 
     0.025888, 
     0.026412, 
     0.027445, 
     0.032919, 
     0.030155, 
     0.032757, 
     0.033097, 
     0.044621, 
     0.044758
    ], 
    "title": "Li(pi,pi)", 
    "accesslnk": 1, 
    "npoints": 57, 
    "errStatMinus": [
     0.0, 
     0.0, 
     0.0, 
     0.0, 
     0.0, 
     0.0, 
     0.0, 
     0.0, 
     0.0, 
     0.0, 
     0.0, 
     0.0, 
     0.0, 
     0.0, 
     0.0, 
     0.0, 
     0.0, 
     0.0, 
     0.0, 
     0.0, 
     0.0, 
     0.0, 
     0.0, 
     0.0, 
     0.0, 
     0.0, 
     0.0, 
     0.0, 
     0.0, 
     0.0, 
     0.0, 
     0.0, 
     0.0, 
     0.0, 
     0.0, 
     0.0, 
     0.0, 
     0.0, 
     0.0, 
     0.0, 
     0.0, 
     0.0, 
     0.0, 
     0.0, 
     0.0, 
     0.0, 
     0.0, 
     0.0, 
     0.0, 
     0.0, 
     0.0, 
     0.0, 
     0.0, 
     0.0, 
     0.0, 
     0.0, 
     0.0, 
     0.0, 
     6.3e-05, 
     4.5e-05, 
     0.000112, 
     0.000235, 
     0.000291, 
     0.000315, 
     0.00059, 
     0.002127, 
     0.01135, 
     0.008324, 
     0.007421, 
     0.004906, 
     0.00515, 
     0.009022, 
     0.007227, 
     0.007202, 
     0.007591, 
     0.008308, 
     0.009124, 
     0.009571, 
     0.009496, 
     0.008834, 
     0.008122, 
     0.007411, 
     0.005231, 
     0.004648, 
     0.004299, 
     0.003868, 
     0.003624, 
     0.003205, 
     0.004385, 
     0.003965, 
     0.003723, 
     0.003333, 
     0.003086, 
     0.002966, 
     0.002641, 
     0.002146, 
     0.001935, 
     0.00192, 
     0.001767, 
     0.001643, 
     0.001579, 
     0.001551, 
     0.00167, 
     0.001901, 
     0.002187, 
     0.002672, 
     0.002788, 
     0.002844, 
     0.003149, 
     0.003371, 
     0.003677, 
     0.004502, 
     0.005367, 
     0.006261
    ], 
    "scoreslnk": 2
   }, 
   "parnames": [
    "q"
   ]
  }, 
  {
   "targetlnk": 285, 
   "trid": 1, 
   "secondarylnk": 0, 
   "mcdetaillnk": 1, 
   "parvalues": [
    "375MeV/c"
   ], 
   "observablelnk": 21, 
   "testlnk": 0, 
   "referencelnk": 37, 
   "reactionlnk": 4, 
   "beamlnk": 34, 
   "datatable": {
    "dtid": 1, 
    "imageblobslnk": null, 
    "datatypeslnk": 1000, 
    "axisTitle": [
     "Energy loss omega [MeV]", 
     "d 2 sigma/domega dw [mb/sr MeV]"
    ], 
    "errStatPlus": [
     0.0, 
     0.0, 
     0.0, 
     0.0, 
     0.0, 
     0.0, 
     0.0, 
     0.0, 
     0.0, 
     0.0, 
     0.0, 
     0.0, 
     0.0, 
     0.0, 
     0.0, 
     0.0, 
     0.0, 
     0.0, 
     0.0, 
     0.0, 
     0.0, 
     0.0, 
     0.0, 
     0.0, 
     0.0, 
     0.0, 
     0.0, 
     0.0, 
     0.0, 
     0.0, 
     0.0, 
     0.0, 
     0.0, 
     0.0, 
     0.0, 
     0.0, 
     0.0, 
     0.0, 
     0.0, 
     0.0, 
     0.0, 
     0.0, 
     0.0, 
     0.0, 
     0.0, 
     0.0, 
     0.0, 
     0.0, 
     0.0, 
     0.0, 
     0.0, 
     0.0, 
     0.0, 
     0.0, 
     0.0, 
     0.0, 
     0.0, 
     0.0, 
     0.0, 
     0.0, 
     0.000122, 
     8.8e-05, 
     0.000214, 
     0.000299, 
     0.000339, 
     0.000396, 
     0.001264, 
     0.004299, 
     0.003578, 
     0.005072, 
     0.003908, 
     0.003624, 
     0.004463, 
     0.007323, 
     0.005855, 
     0.005966, 
     0.006469, 
     0.007012, 
     0.007785, 
     0.008432, 
     0.008808, 
     0.008495, 
     0.00792, 
     0.006726, 
     0.006294, 
     0.005759, 
     0.00414, 
     0.003772, 
     0.003459, 
     0.003225, 
     0.002972, 
     0.004077, 
     0.003702, 
     0.003465, 
     0.003332, 
     0.003, 
     0.002239, 
     0.002088, 
     0.001893, 
     0.001755, 
     0.001662, 
     0.001566, 
     0.001514, 
     0.001503, 
     0.001521, 
     0.002164, 
     0.001989, 
     0.002062, 
     0.002313, 
     0.002403, 
     0.002361, 
     0.00259, 
     0.002582, 
     0.002757, 
     0.002888, 
     0.006077
    ],