{
 "ResultList": [
  {
   "targetlnk": 285, 
   "trid": 1, 
   "secondarylnk": 0, 
   "mcdetaillnk": 1, 
   "parvalues": [
    "425MeV/c"
   ], 
   "observablelnk": 21, 
   "testlnk": 0, 
   "referencelnk": 37, 
   "reactionlnk": 4, 
   "beamlnk": 34, 
   "datatable": {
    "dtid": 1, 
    "imageblobslnk": null, 
    "datatypeslnk": 1000, 
    "axisTitle": [
     "Energy loss omega [MeV]", 
     "d 2 sigma/domega dw [mb/sr MeV]"
    ], 
    "errStatPlus": [
     0.0, 
     0.0, 
     0.0, 
     0.0, 
     0.0, 
     0.0, 
     0.0, 
     0.0, 
     0.0, 
     0.0, 
     0.0, 
     0.0, 
     0.0, 
     0.0, 
     0.0, 
     0.0, 
     0.0, 
     0.0, 
     0.0, 
     0.0, 
     0.0, 
     0.0, 
     0.0, 
     0.0, 
     0.0, 
     0.0, 
     0.0, 
     0.0, 
     0.0, 
     0.0, 
     0.0, 
     0.0, 
     0.0, 
     0.0, 
     0.0, 
     0.0, 
     0.0, 
     0.0, 
     0.0, 
     0.0, 
     0.0, 
     0.0, 
     0.0, 
     0.0, 
     0.0, 
     0.0, 
     0.0, 
     0.0, 
     0.0, 
     0.0, 
     0.0, 
     0.0, 
     0.0, 
     0.0, 
     0.0, 
     0.0, 
     0.0, 
     0.0, 
     0.0, 
     0.0, 
     0.0, 
     2.5e-05, 
     0.000178, 
     0.000165, 
     0.000146, 
     0.000134, 
     0.000172, 
     0.000184, 
     0.000372, 
     0.002882, 
     0.001435, 
     0.002269, 
     0.001997, 
     0.002221, 
     0.002266, 
     0.002555, 
     0.003182, 
     0.004844, 
     0.004221, 
     0.004302, 
     0.004607, 
     0.004898, 
     0.005327, 
     0.005866, 
     0.00643, 
     0.006186, 
     0.005375, 
     0.005141, 
     0.004876, 
     0.004464, 
     0.004099, 
     0.003777, 
     0.003503, 
     0.004912, 
     0.004614, 
     0.003593, 
     0.003171, 
     0.003318, 
     0.003505, 
     0.002472, 
     0.002314, 
     0.002227, 
     0.002079, 
     0.001935, 
     0.00188, 
     0.001714, 
     0.001642, 
     0.001657, 
     0.001533, 
     0.001614, 
     0.002196, 
     0.0022, 
     0.002143, 
     0.002109, 
     0.002174, 
     0.002122, 
     0.002129, 
     0.002151, 
     0.002325, 
     0.002742
    ], 
    "val": [
     -37.5, 
     -32.5, 
     -27.5, 
     -22.5, 
     -17.5, 
     -12.5, 
     -7.5, 
     -2.5, 
     2.5, 
     7.5, 
     12.5, 
     17.5, 
     22.5, 
     27.5, 
     32.5, 
     37.5, 
     42.5, 
     47.5, 
     52.5, 
     57.5, 
     62.5, 
     67.5, 
     72.5, 
     77.5, 
     82.5, 
     87.5, 
     92.5, 
     97.5, 
     102.5, 
     107.5, 
     112.5, 
     117.5, 
     122.5, 
     127.5, 
     132.5, 
     137.5, 
     142.5, 
     147.5, 
     152.5, 
     157.5, 
     162.5, 
     167.5, 
     172.5, 
     177.5, 
     182.5, 
     187.5, 
     192.5, 
     197.5, 
     202.5, 
     207.5, 
     212.5, 
     217.5, 
     222.5, 
     227.5, 
     232.5, 
     237.5, 
     242.5, 
     247.5, 
     252.5, 
     257.5, 
     0.0, 
     2.5e-05, 
     0.000179, 
     -5.5e-05, 
     0.000109, 
     8.1e-05, 
     0.000275, 
     0.000433, 
     0.0007, 
     -0.002095, 
     0.009416, 
     0.030229, 
     0.02389, 
     0.030683, 
     0.029491, 
     0.037491, 
     0.048087, 
     0.068675, 
     0.087556, 
     0.09654, 
     0.104836, 
     0.114931, 
     0.129397, 
     0.14247, 
     0.154406, 
     0.162112, 
     0.163235, 
     0.16252, 
     0.148653, 
     0.146725, 
     0.141172, 
     0.136603, 
     0.121374, 
     0.112725, 
     0.092979, 
     0.088366, 
     0.081064, 
     0.067448, 
     0.064462, 
     0.054541, 
     0.042567, 
     0.0415, 
     0.03539, 
     0.032092, 
     0.024398, 
     0.025106, 
     0.023482, 
     0.021343, 
     0.020752, 
     0.019411, 
     0.020418, 
     0.018105, 
     0.019339, 
     0.019476, 
     0.017922, 
     0.017522, 
     0.023339, 
     0.020653, 
     0.023569, 
     0.021393
    ], 
    "title": "Li(pi,pi)", 
    "accesslnk": 1, 
    "npoints": 60, 
    "errStatMinus": [
     0.0, 
     0.0, 
     0.0, 
     0.0, 
     0.0, 
     0.0, 
     0.0, 
     0.0, 
     0.0, 
     0.0, 
     0.0, 
     0.0, 
     0.0, 
     0.0, 
     0.0, 
     0.0, 
     0.0, 
     0.0, 
     0.0, 
     0.0, 
     0.0, 
     0.0, 
     0.0, 
     0.0, 
     0.0, 
     0.0, 
     0.0, 
     0.0, 
     0.0, 
     0.0, 
     0.0, 
     0.0, 
     0.0, 
     0.0, 
     0.0, 
     0.0, 
     0.0, 
     0.0, 
     0.0, 
     0.0, 
     0.0, 
     0.0, 
     0.0, 
     0.0, 
     0.0, 
     0.0, 
     0.0, 
     0.0, 
     0.0, 
     0.0, 
     0.0, 
     0.0, 
     0.0, 
     0.0, 
     0.0, 
     0.0, 
     0.0, 
     0.0, 
     0.0, 
     0.0, 
     0.0, 
     2.5e-05, 
     0.000178, 
     0.000165, 
     0.000146, 
     0.000134, 
     0.000172, 
     0.000184, 
     0.000372, 
     0.002882, 
     0.001435, 
     0.002269, 
     0.001997, 
     0.002221, 
     0.002266, 
     0.002555, 
     0.003182, 
     0.004844, 
     0.004221, 
     0.004302, 
     0.004607, 
     0.004898, 
     0.005327, 
     0.005866, 
     0.00643, 
     0.006186, 
     0.005375, 
     0.005141, 
     0.004876, 
     0.004464, 
     0.004099, 
     0.003777, 
     0.003503, 
     0.004912, 
     0.004614, 
     0.003593, 
     0.003171, 
     0.003318, 
     0.003505, 
     0.002472, 
     0.002314, 
     0.002227, 
     0.002079, 
     0.001935, 
     0.00188, 
     0.001714, 
     0.001642, 
     0.001657, 
     0.001533, 
     0.001614, 
     0.002196, 
     0.0022, 
     0.002143, 
     0.002109, 
     0.002174, 
     0.002122, 
     0.002129, 
     0.002151, 
     0.002325, 
     0.002742
    ], 
    "scoreslnk": 2
   }, 
   "parnames": [
    "q"
   ]
  }, 
  {
   "targetlnk": 285, 
   "trid": 1, 
   "secondarylnk": 0, 
   "mcdetaillnk": 1, 
   "parvalues": [
    "450MeV/c"
   ], 
   "observablelnk": 21, 
   "testlnk": 0, 
   "referencelnk": 37, 
   "reactionlnk": 4, 
   "beamlnk": 34, 
   "datatable": {
    "dtid": 1, 
    "imageblobslnk": null, 
    "datatypeslnk": 1000, 
    "axisTitle": [
     "Energy loss omega [MeV]", 
     "d 2 sigma/domega dw [mb/sr MeV]"
    ], 
    "errStatPlus": [
     0.0, 
     0.0, 
     0.0, 
     0.0, 
     0.0, 
     0.0, 
     0.0, 
     0.0, 
     0.0, 
     0.0, 
     0.0, 
     0.0, 
     0.0, 
     0.0, 
     0.0, 
     0.0, 
     0.0, 
     0.0, 
     0.0, 
     0.0, 
     0.0, 
     0.0, 
     0.0, 
     0.0, 
     0.0, 
     0.0, 
     0.0, 
     0.0, 
     0.0, 
     0.0, 
     0.0, 
     0.0, 
     0.0, 
     0.0, 
     0.0, 
     0.0, 
     0.0, 
     0.0, 
     0.0, 
     0.0, 
     0.0, 
     0.0, 
     0.0, 
     0.0, 
     0.0, 
     0.0, 
     0.0, 
     0.0, 
     0.0, 
     0.0, 
     0.0, 
     0.0, 
     0.0, 
     0.0, 
     0.0, 
     0.0, 
     0.0, 
     0.0, 
     0.0, 
     0.0, 
     0.0, 
     0.0, 
     0.0, 
     0.0, 
     0.0, 
     3.6e-05, 
     0.000131, 
     7.6e-05, 
     6.9e-05, 
     0.00016, 
     0.000307, 
     0.00206, 
     0.001675, 
     0.001564, 
     0.001384, 
     0.001654, 
     0.001793, 
     0.001973, 
     0.00212, 
     0.002626, 
     0.004036, 
     0.003822, 
     0.003696, 
     0.003902, 
     0.004155, 
     0.00339, 
     0.003684, 
     0.004052, 
     0.004385, 
     0.004669, 
     0.004843, 
     0.004778, 
     0.004505, 
     0.004223, 
     0.003844, 
     0.005387, 
     0.00503, 
     0.003567, 
     0.003382, 
     0.003175, 
     0.002931, 
     0.00275, 
     0.002597, 
     0.00247, 
     0.002328, 
     0.002176, 
     0.002052, 
     0.001922, 
     0.001826, 
     0.001707, 
     0.001639, 
     0.001623, 
     0.001852, 
     0.002162, 
     0.002215, 
     0.002242, 
     0.002154, 
     0.002008, 
     0.002122, 
     0.00216, 
     0.002145, 
     0.002247, 
     0.002294, 
     0.004656
    ],