{
 "ResultList": [
  {
   "targetlnk": 285, 
   "trid": 1, 
   "secondarylnk": 0, 
   "mcdetaillnk": 1, 
   "parvalues": [
    "500MeV/c"
   ], 
   "observablelnk": 21, 
   "testlnk": 0, 
   "referencelnk": 37, 
   "reactionlnk": 4, 
   "beamlnk": 34, 
   "datatable": {
    "dtid": 1, 
    "imageblobslnk": null, 
    "datatypeslnk": 1000, 
    "axisTitle": [
     "Energy loss omega [MeV]", 
     "d 2 sigma/domega dw [mb/sr MeV]"
    ], 
    "errStatPlus": [
     0.0, 
     0.0, 
     0.0, 
     0.0, 
     0.0, 
     0.0, 
     0.0, 
     0.0, 
     0.0, 
     0.0, 
     0.0, 
     0.0, 
     0.0, 
     0.0, 
     0.0, 
     0.0, 
     0.0, 
     0.0, 
     0.0, 
     0.0, 
     0.0, 
     0.0, 
     0.0, 
     0.0, 
     0.0, 
     0.0, 
     0.0, 
     0.0, 
     0.0, 
     0.0, 
     0.0, 
     0.0, 
     0.0, 
     0.0, 
     0.0, 
     0.0, 
     0.0, 
     0.0, 
     0.0, 
     0.0, 
     0.0, 
     0.0, 
     0.0, 
     0.0, 
     0.0, 
     0.0, 
     0.0, 
     0.0, 
     0.0, 
     0.0, 
     0.0, 
     0.0, 
     0.0, 
     0.0, 
     0.0, 
     0.0, 
     0.0, 
     0.0, 
     0.0, 
     0.0, 
     0.0, 
     0.0, 
     0.0, 
     0.0, 
     0.0, 
     0.0, 
     0.0, 
     0.0, 
     0.0, 
     3.8e-05, 
     8.2e-05, 
     0.000158, 
     0.000103, 
     3.8e-05, 
     0.000485, 
     0.001147, 
     0.001432, 
     0.001238, 
     0.001158, 
     0.001291, 
     0.001385, 
     0.001445, 
     0.00145, 
     0.001656, 
     0.001793, 
     0.002071, 
     0.002089, 
     0.001961, 
     0.002021, 
     0.002193, 
     0.00237, 
     0.00259, 
     0.002777, 
     0.003049, 
     0.00318, 
     0.00329, 
     0.003431, 
     0.003445, 
     0.003804, 
     0.003686, 
     0.003498, 
     0.002986, 
     0.00363, 
     0.003338, 
     0.003211, 
     0.002955, 
     0.002836, 
     0.002766, 
     0.002599, 
     0.002428, 
     0.002344, 
     0.002168, 
     0.002084, 
     0.001964, 
     0.001862, 
     0.001797, 
     0.001758, 
     0.001986, 
     0.00183, 
     0.002205, 
     0.002239, 
     0.002128, 
     0.00206, 
     0.001989, 
     0.00202, 
     0.002078, 
     0.002054, 
     0.00375, 
     0.003607, 
     0.002896
    ], 
    "val": [
     -37.5, 
     -32.5, 
     -27.5, 
     -22.5, 
     -17.5, 
     -12.5, 
     -7.5, 
     -2.5, 
     2.5, 
     7.5, 
     12.5, 
     17.5, 
     22.5, 
     27.5, 
     32.5, 
     37.5, 
     42.5, 
     47.5, 
     52.5, 
     57.5, 
     62.5, 
     67.5, 
     72.5, 
     77.5, 
     82.5, 
     87.5, 
     92.5, 
     97.5, 
     102.5, 
     107.5, 
     112.5, 
     117.5, 
     122.5, 
     127.5, 
     132.5, 
     137.5, 
     142.5, 
     147.5, 
     152.5, 
     157.5, 
     162.5, 
     167.5, 
     172.5, 
     177.5, 
     182.5, 
     187.5, 
     192.5, 
     197.5, 
     202.5, 
     207.5, 
     212.5, 
     217.5, 
     222.5, 
     227.5, 
     232.5, 
     237.5, 
     242.5, 
     247.5, 
     252.5, 
     257.5, 
     262.5, 
     267.5, 
     272.5, 
     277.5, 
     282.5, 
     0.0, 
     0.0, 
     0.0, 
     0.0, 
     5.3e-05, 
     0.000105, 
     -0.00019, 
     0.000243, 
     5.4e-05, 
     0.000574, 
     0.000388, 
     0.0009, 
     0.010154, 
     0.006402, 
     0.004067, 
     0.00457, 
     0.008257, 
     0.009247, 
     0.012063, 
     0.017904, 
     0.019448, 
     0.021425, 
     0.030779, 
     0.034005, 
     0.044605, 
     0.050823, 
     0.06068, 
     0.066621, 
     0.068331, 
     0.075663, 
     0.078362, 
     0.085932, 
     0.08559, 
     0.083435, 
     0.082757, 
     0.092476, 
     0.079938, 
     0.08763, 
     0.077526, 
     0.078425, 
     0.07178, 
     0.065263, 
     0.059655, 
     0.053976, 
     0.052542, 
     0.042263, 
     0.037265, 
     0.034699, 
     0.02994, 
     0.023584, 
     0.026638, 
     0.023784, 
     0.022634, 
     0.024799, 
     0.021451, 
     0.016782, 
     0.015671, 
     0.015828, 
     0.014095, 
     0.015379, 
     0.015947, 
     0.013762, 
     0.018974, 
     0.015828, 
     0.0164
    ], 
    "title": "Li(pi,pi)", 
    "accesslnk": 1, 
    "npoints": 65, 
    "errStatMinus": [
     0.0, 
     0.0, 
     0.0, 
     0.0, 
     0.0, 
     0.0, 
     0.0, 
     0.0, 
     0.0, 
     0.0, 
     0.0, 
     0.0, 
     0.0, 
     0.0, 
     0.0, 
     0.0, 
     0.0, 
     0.0, 
     0.0, 
     0.0, 
     0.0, 
     0.0, 
     0.0, 
     0.0, 
     0.0, 
     0.0, 
     0.0, 
     0.0, 
     0.0, 
     0.0, 
     0.0, 
     0.0, 
     0.0, 
     0.0, 
     0.0, 
     0.0, 
     0.0, 
     0.0, 
     0.0, 
     0.0, 
     0.0, 
     0.0, 
     0.0, 
     0.0, 
     0.0, 
     0.0, 
     0.0, 
     0.0, 
     0.0, 
     0.0, 
     0.0, 
     0.0, 
     0.0, 
     0.0, 
     0.0, 
     0.0, 
     0.0, 
     0.0, 
     0.0, 
     0.0, 
     0.0, 
     0.0, 
     0.0, 
     0.0, 
     0.0, 
     0.0, 
     0.0, 
     0.0, 
     0.0, 
     3.8e-05, 
     8.2e-05, 
     0.000158, 
     0.000103, 
     3.8e-05, 
     0.000485, 
     0.001147, 
     0.001432, 
     0.001238, 
     0.001158, 
     0.001291, 
     0.001385, 
     0.001445, 
     0.00145, 
     0.001656, 
     0.001793, 
     0.002071, 
     0.002089, 
     0.001961, 
     0.002021, 
     0.002193, 
     0.00237, 
     0.00259, 
     0.002777, 
     0.003049, 
     0.00318, 
     0.00329, 
     0.003431, 
     0.003445, 
     0.003804, 
     0.003686, 
     0.003498, 
     0.002986, 
     0.00363, 
     0.003338, 
     0.003211, 
     0.002955, 
     0.002836, 
     0.002766, 
     0.002599, 
     0.002428, 
     0.002344, 
     0.002168, 
     0.002084, 
     0.001964, 
     0.001862, 
     0.001797, 
     0.001758, 
     0.001986, 
     0.00183, 
     0.002205, 
     0.002239, 
     0.002128, 
     0.00206, 
     0.001989, 
     0.00202, 
     0.002078, 
     0.002054, 
     0.00375, 
     0.003607, 
     0.002896
    ], 
    "scoreslnk": 2
   }, 
   "parnames": [
    "q"
   ]
  }, 
  {
   "targetlnk": 285, 
   "trid": 1, 
   "secondarylnk": 0, 
   "mcdetaillnk": 1, 
   "parvalues": [
    "525MeV/c"
   ], 
   "observablelnk": 21, 
   "testlnk": 0, 
   "referencelnk": 37, 
   "reactionlnk": 4, 
   "beamlnk": 34, 
   "datatable": {
    "dtid": 1, 
    "imageblobslnk": null, 
    "datatypeslnk": 1000, 
    "axisTitle": [
     "Energy loss omega [MeV]", 
     "d 2 sigma/domega dw [mb/sr MeV]"
    ],