{
 "ResultList": [
  {
   "targetlnk": 285, 
   "trid": 1, 
   "secondarylnk": 0, 
   "mcdetaillnk": 1, 
   "parvalues": [
    "575MeV/c"
   ], 
   "observablelnk": 21, 
   "testlnk": 0, 
   "referencelnk": 37, 
   "reactionlnk": 4, 
   "beamlnk": 34, 
   "datatable": {
    "dtid": 1, 
    "imageblobslnk": null, 
    "datatypeslnk": 1000, 
    "axisTitle": [
     "Energy loss omega [MeV]", 
     "d 2 sigma/domega dw [mb/sr MeV]"
    ], 
    "errStatPlus": [
     0.0, 
     0.0, 
     0.0, 
     0.0, 
     0.0, 
     0.0, 
     0.0, 
     0.0, 
     0.0, 
     0.0, 
     0.0, 
     0.0, 
     0.0, 
     0.0, 
     0.0, 
     0.0, 
     0.0, 
     0.0, 
     0.0, 
     0.0, 
     0.0, 
     0.0, 
     0.0, 
     0.0, 
     0.0, 
     0.0, 
     0.0, 
     0.0, 
     0.0, 
     0.0, 
     0.0, 
     0.0, 
     0.0, 
     0.0, 
     0.0, 
     0.0, 
     0.0, 
     0.0, 
     0.0, 
     0.0, 
     0.0, 
     0.0, 
     0.0, 
     0.0, 
     0.0, 
     0.0, 
     0.0, 
     0.0, 
     0.0, 
     0.0, 
     0.0, 
     0.0, 
     0.0, 
     0.0, 
     0.0, 
     0.0, 
     0.0, 
     0.0, 
     0.0, 
     0.0, 
     0.0, 
     0.0, 
     0.0, 
     0.0, 
     0.0, 
     0.0, 
     0.0, 
     0.0, 
     3.5e-05, 
     0.0, 
     0.0, 
     0.0, 
     0.0, 
     5.1e-05, 
     4e-05, 
     0.000187, 
     0.000915, 
     0.000756, 
     0.000843, 
     0.00107, 
     0.000985, 
     0.000811, 
     0.000884, 
     0.000859, 
     0.000831, 
     0.00087, 
     0.000899, 
     0.000958, 
     0.001035, 
     0.001205, 
     0.001282, 
     0.001217, 
     0.001241, 
     0.001224, 
     0.001336, 
     0.001566, 
     0.001476, 
     0.001587, 
     0.001725, 
     0.001843, 
     0.001965, 
     0.002168, 
     0.002367, 
     0.002511, 
     0.002676, 
     0.002732, 
     0.002812, 
     0.003303, 
     0.003171, 
     0.002957, 
     0.002832, 
     0.002643, 
     0.002541, 
     0.002353, 
     0.002323, 
     0.002223, 
     0.002162, 
     0.002033, 
     0.001977, 
     0.001934, 
     0.002841, 
     0.002725, 
     0.002595, 
     0.002444, 
     0.002327, 
     0.002235, 
     0.002128, 
     0.002138, 
     0.002096, 
     0.002262
    ], 
    "val": [
     -37.5, 
     -32.5, 
     -27.5, 
     -22.5, 
     -17.5, 
     -12.5, 
     -7.5, 
     -2.5, 
     2.5, 
     7.5, 
     12.5, 
     17.5, 
     22.5, 
     27.5, 
     32.5, 
     37.5, 
     42.5, 
     47.5, 
     52.5, 
     57.5, 
     62.5, 
     67.5, 
     72.5, 
     77.5, 
     82.5, 
     87.5, 
     92.5, 
     97.5, 
     102.5, 
     107.5, 
     112.5, 
     117.5, 
     122.5, 
     127.5, 
     132.5, 
     137.5, 
     142.5, 
     147.5, 
     152.5, 
     157.5, 
     162.5, 
     167.5, 
     172.5, 
     177.5, 
     182.5, 
     187.5, 
     192.5, 
     197.5, 
     202.5, 
     207.5, 
     212.5, 
     217.5, 
     222.5, 
     227.5, 
     232.5, 
     237.5, 
     242.5, 
     247.5, 
     252.5, 
     257.5, 
     262.5, 
     267.5, 
     272.5, 
     277.5, 
     282.5, 
     0.0, 
     0.0, 
     0.0, 
     3.5e-05, 
     0.0, 
     0.0, 
     0.0, 
     0.0, 
     8.9e-05, 
     5.7e-05, 
     0.00042, 
     -0.001035, 
     -0.000236, 
     0.003396, 
     0.006197, 
     0.005816, 
     0.006309, 
     0.007142, 
     0.007418, 
     0.006505, 
     0.004765, 
     0.006232, 
     0.010102, 
     0.007367, 
     0.008193, 
     0.011581, 
     0.012257, 
     0.013154, 
     0.014581, 
     0.018101, 
     0.021283, 
     0.022836, 
     0.025006, 
     0.029072, 
     0.03304, 
     0.033558, 
     0.03643, 
     0.040632, 
     0.043041, 
     0.046539, 
     0.041927, 
     0.048733, 
     0.044229, 
     0.047187, 
     0.044185, 
     0.046016, 
     0.048358, 
     0.045212, 
     0.041194, 
     0.04127, 
     0.038113, 
     0.034774, 
     0.02579, 
     0.030744, 
     0.025264, 
     0.020786, 
     0.025315, 
     0.021093, 
     0.018316, 
     0.016263, 
     0.018217, 
     0.018336, 
     0.017141, 
     0.014589, 
     0.010373
    ], 
    "title": "Li(pi,pi)", 
    "accesslnk": 1, 
    "npoints": 65, 
    "errStatMinus": [
     0.0, 
     0.0, 
     0.0, 
     0.0, 
     0.0, 
     0.0, 
     0.0, 
     0.0, 
     0.0, 
     0.0, 
     0.0, 
     0.0, 
     0.0, 
     0.0, 
     0.0, 
     0.0, 
     0.0, 
     0.0, 
     0.0, 
     0.0, 
     0.0, 
     0.0, 
     0.0, 
     0.0, 
     0.0, 
     0.0, 
     0.0, 
     0.0, 
     0.0, 
     0.0, 
     0.0, 
     0.0, 
     0.0, 
     0.0, 
     0.0, 
     0.0, 
     0.0, 
     0.0, 
     0.0, 
     0.0, 
     0.0, 
     0.0, 
     0.0, 
     0.0, 
     0.0, 
     0.0, 
     0.0, 
     0.0, 
     0.0, 
     0.0, 
     0.0, 
     0.0, 
     0.0, 
     0.0, 
     0.0, 
     0.0, 
     0.0, 
     0.0, 
     0.0, 
     0.0, 
     0.0, 
     0.0, 
     0.0, 
     0.0, 
     0.0, 
     0.0, 
     0.0, 
     0.0, 
     3.5e-05, 
     0.0, 
     0.0, 
     0.0, 
     0.0, 
     5.1e-05, 
     4e-05, 
     0.000187, 
     0.000915, 
     0.000756, 
     0.000843, 
     0.00107, 
     0.000985, 
     0.000811, 
     0.000884, 
     0.000859, 
     0.000831, 
     0.00087, 
     0.000899, 
     0.000958, 
     0.001035, 
     0.001205, 
     0.001282, 
     0.001217, 
     0.001241, 
     0.001224, 
     0.001336, 
     0.001566, 
     0.001476, 
     0.001587, 
     0.001725, 
     0.001843, 
     0.001965, 
     0.002168, 
     0.002367, 
     0.002511, 
     0.002676, 
     0.002732, 
     0.002812, 
     0.003303, 
     0.003171, 
     0.002957, 
     0.002832, 
     0.002643, 
     0.002541, 
     0.002353, 
     0.002323, 
     0.002223, 
     0.002162, 
     0.002033, 
     0.001977, 
     0.001934, 
     0.002841, 
     0.002725, 
     0.002595, 
     0.002444, 
     0.002327, 
     0.002235, 
     0.002128, 
     0.002138, 
     0.002096, 
     0.002262
    ], 
    "scoreslnk": 2
   }, 
   "parnames": [
    "q"
   ]
  }, 
  {
   "targetlnk": 285, 
   "trid": 1, 
   "secondarylnk": 0, 
   "mcdetaillnk": 1, 
   "parvalues": [
    "600MeV/c"
   ], 
   "observablelnk": 21, 
   "testlnk": 0, 
   "referencelnk": 37, 
   "reactionlnk": 4, 
   "beamlnk": 34, 
   "datatable": {
    "dtid": 1, 
    "imageblobslnk": null, 
    "datatypeslnk": 1000, 
    "axisTitle": [
     "Energy loss omega [MeV]", 
     "d 2 sigma/domega dw [mb/sr MeV]"
    ],