{
 "ResultList": [
  {
   "targetlnk": 285, 
   "trid": 1, 
   "secondarylnk": 0, 
   "mcdetaillnk": 1, 
   "parvalues": [
    "650MeV/c"
   ], 
   "observablelnk": 21, 
   "testlnk": 0, 
   "referencelnk": 37, 
   "reactionlnk": 4, 
   "beamlnk": 34, 
   "datatable": {
    "dtid": 1, 
    "imageblobslnk": null, 
    "datatypeslnk": 1000, 
    "axisTitle": [
     "Energy loss omega [MeV]", 
     "d 2 sigma/domega dw [mb/sr MeV]"
    ], 
    "errStatPlus": [
     0.0, 
     0.0, 
     0.0, 
     0.0, 
     0.0, 
     0.0, 
     0.0, 
     0.0, 
     0.0, 
     0.0, 
     0.0, 
     0.0, 
     0.0, 
     0.0, 
     0.0, 
     0.0, 
     0.0, 
     0.0, 
     0.0, 
     0.0, 
     0.0, 
     0.0, 
     0.0, 
     0.0, 
     0.0, 
     0.0, 
     0.0, 
     0.0, 
     0.0, 
     0.0, 
     0.0, 
     0.0, 
     0.0, 
     0.0, 
     0.0, 
     0.0, 
     0.0, 
     0.0, 
     0.0, 
     0.0, 
     0.0, 
     0.0, 
     0.0, 
     0.0, 
     0.0, 
     0.0, 
     0.0, 
     0.0, 
     0.0, 
     0.0, 
     0.0, 
     0.0, 
     0.0, 
     0.0, 
     0.0, 
     0.0, 
     0.0, 
     0.0, 
     0.0, 
     0.0, 
     0.0, 
     0.0, 
     0.0, 
     0.0, 
     0.0, 
     0.0, 
     0.0, 
     0.0, 
     0.0, 
     0.0, 
     0.0, 
     0.0, 
     0.0, 
     0.0, 
     0.0, 
     0.0, 
     0.0, 
     0.0, 
     0.0, 
     9.1e-05, 
     0.000125, 
     0.000176, 
     0.000232, 
     0.000164, 
     0.000381, 
     0.000468, 
     0.000521, 
     0.000518, 
     0.000634, 
     0.00074, 
     0.000705, 
     0.000687, 
     0.000659, 
     0.000808, 
     0.000806, 
     0.000819, 
     0.000768, 
     0.000794, 
     0.000855, 
     0.001002, 
     0.001049, 
     0.001008, 
     0.00098, 
     0.001029, 
     0.001037, 
     0.001084, 
     0.001081, 
     0.001207, 
     0.001305, 
     0.001356, 
     0.001492, 
     0.001583, 
     0.001772, 
     0.001888, 
     0.002161, 
     0.002321, 
     0.002827, 
     0.002933, 
     0.002936, 
     0.002991, 
     0.003018, 
     0.002932, 
     0.002822, 
     0.002718, 
     0.00265, 
     0.002601, 
     0.002666, 
     0.002595, 
     0.003292, 
     0.003018, 
     0.002957, 
     0.002964, 
     0.003002, 
     0.002788, 
     0.002634, 
     0.002745, 
     0.002737, 
     0.002788, 
     0.003397, 
     0.003469
    ], 
    "val": [
     -37.5, 
     -32.5, 
     -27.5, 
     -22.5, 
     -17.5, 
     -12.5, 
     -7.5, 
     -2.5, 
     2.5, 
     7.5, 
     12.5, 
     17.5, 
     22.5, 
     27.5, 
     32.5, 
     37.5, 
     42.5, 
     47.5, 
     52.5, 
     57.5, 
     62.5, 
     67.5, 
     72.5, 
     77.5, 
     82.5, 
     87.5, 
     92.5, 
     97.5, 
     102.5, 
     107.5, 
     112.5, 
     117.5, 
     122.5, 
     127.5, 
     132.5, 
     137.5, 
     142.5, 
     147.5, 
     152.5, 
     157.5, 
     162.5, 
     167.5, 
     172.5, 
     177.5, 
     182.5, 
     187.5, 
     192.5, 
     197.5, 
     202.5, 
     207.5, 
     212.5, 
     217.5, 
     222.5, 
     227.5, 
     232.5, 
     237.5, 
     242.5, 
     247.5, 
     252.5, 
     257.5, 
     262.5, 
     267.5, 
     272.5, 
     277.5, 
     282.5, 
     287.5, 
     292.5, 
     297.5, 
     302.5, 
     307.5, 
     0.0, 
     0.0, 
     0.0, 
     0.0, 
     0.0, 
     0.0, 
     0.0, 
     0.0, 
     0.0, 
     9.1e-05, 
     -0.000125, 
     3.7e-05, 
     8e-06, 
     8.1e-05, 
     4.8e-05, 
     0.001101, 
     0.002563, 
     0.002583, 
     0.004558, 
     0.005714, 
     0.00451, 
     0.00394, 
     0.003972, 
     0.00498, 
     0.004271, 
     0.004808, 
     0.005225, 
     0.006063, 
     0.007731, 
     0.00618, 
     0.0081, 
     0.00842, 
     0.00809, 
     0.008901, 
     0.010535, 
     0.008681, 
     0.009844, 
     0.011153, 
     0.012742, 
     0.015591, 
     0.017463, 
     0.015006, 
     0.019388, 
     0.023483, 
     0.022275, 
     0.02693, 
     0.024531, 
     0.025319, 
     0.025536, 
     0.026426, 
     0.026719, 
     0.028918, 
     0.028612, 
     0.025333, 
     0.032507, 
     0.028142, 
     0.02686, 
     0.026518, 
     0.023632, 
     0.023604, 
     0.024578, 
     0.020785, 
     0.022378, 
     0.017558, 
     0.020708, 
     0.021849, 
     0.023094, 
     0.015324, 
     0.007822, 
     0.012181
    ], 
    "title": "Li(pi,pi)", 
    "accesslnk": 1, 
    "npoints": 70, 
    "errStatMinus": [
     0.0, 
     0.0, 
     0.0, 
     0.0, 
     0.0, 
     0.0, 
     0.0, 
     0.0, 
     0.0, 
     0.0, 
     0.0, 
     0.0, 
     0.0, 
     0.0, 
     0.0, 
     0.0, 
     0.0, 
     0.0, 
     0.0, 
     0.0, 
     0.0, 
     0.0, 
     0.0, 
     0.0, 
     0.0, 
     0.0, 
     0.0, 
     0.0, 
     0.0, 
     0.0, 
     0.0, 
     0.0, 
     0.0, 
     0.0, 
     0.0, 
     0.0, 
     0.0, 
     0.0, 
     0.0, 
     0.0, 
     0.0, 
     0.0, 
     0.0, 
     0.0, 
     0.0, 
     0.0, 
     0.0, 
     0.0, 
     0.0, 
     0.0, 
     0.0, 
     0.0, 
     0.0, 
     0.0, 
     0.0, 
     0.0, 
     0.0, 
     0.0, 
     0.0, 
     0.0, 
     0.0, 
     0.0, 
     0.0, 
     0.0, 
     0.0, 
     0.0, 
     0.0, 
     0.0, 
     0.0, 
     0.0, 
     0.0, 
     0.0, 
     0.0, 
     0.0, 
     0.0, 
     0.0, 
     0.0, 
     0.0, 
     0.0, 
     9.1e-05, 
     0.000125, 
     0.000176, 
     0.000232, 
     0.000164, 
     0.000381, 
     0.000468, 
     0.000521, 
     0.000518, 
     0.000634, 
     0.00074, 
     0.000705, 
     0.000687, 
     0.000659, 
     0.000808, 
     0.000806, 
     0.000819, 
     0.000768, 
     0.000794, 
     0.000855, 
     0.001002, 
     0.001049, 
     0.001008, 
     0.00098, 
     0.001029, 
     0.001037, 
     0.001084, 
     0.001081, 
     0.001207, 
     0.001305, 
     0.001356, 
     0.001492, 
     0.001583, 
     0.001772, 
     0.001888, 
     0.002161, 
     0.002321, 
     0.002827, 
     0.002933, 
     0.002936, 
     0.002991, 
     0.003018, 
     0.002932, 
     0.002822, 
     0.002718, 
     0.00265, 
     0.002601, 
     0.002666, 
     0.002595, 
     0.003292, 
     0.003018, 
     0.002957, 
     0.002964, 
     0.003002, 
     0.002788, 
     0.002634, 
     0.002745, 
     0.002737, 
     0.002788, 
     0.003397, 
     0.003469
    ], 
    "scoreslnk": 2
   }, 
   "parnames": [
    "q"
   ]
  }
 ]
}
