{
 "ResultList": [
  {
   "targetlnk": 288, 
   "trid": 1, 
   "secondarylnk": 0, 
   "mcdetaillnk": 1, 
   "parvalues": [
    "350MeV/c"
   ], 
   "observablelnk": 21, 
   "testlnk": 0, 
   "referencelnk": 37, 
   "reactionlnk": 4, 
   "beamlnk": 34, 
   "datatable": {
    "dtid": 1, 
    "imageblobslnk": null, 
    "datatypeslnk": 1000, 
    "axisTitle": [
     "Energy loss omega [MeV]", 
     "d 2 sigma/domega dw [mb/sr MeV]"
    ], 
    "errStatPlus": [
     0.0, 
     0.0, 
     0.0, 
     0.0, 
     0.0, 
     0.0, 
     0.0, 
     0.0, 
     0.0, 
     0.0, 
     0.0, 
     0.0, 
     0.0, 
     0.0, 
     0.0, 
     0.0, 
     0.0, 
     0.0, 
     0.0, 
     0.0, 
     0.0, 
     0.0, 
     0.0, 
     0.0, 
     0.0, 
     0.0, 
     0.0, 
     0.0, 
     0.0, 
     0.0, 
     0.0, 
     0.0, 
     0.0, 
     0.0, 
     0.0, 
     0.0, 
     0.0, 
     0.0, 
     0.0, 
     0.0, 
     0.0, 
     0.0, 
     0.0, 
     0.0, 
     0.0, 
     0.0, 
     0.0, 
     0.0, 
     0.0, 
     0.0, 
     0.0, 
     0.0, 
     0.0, 
     0.0, 
     0.0, 
     0.0, 
     0.0, 
     0.0, 
     0.000499, 
     0.0, 
     0.000931, 
     0.000671, 
     0.000838, 
     0.002517, 
     0.014382, 
     0.021301, 
     0.018601, 
     0.017992, 
     0.019165, 
     0.017861, 
     0.018498, 
     0.019407, 
     0.01946, 
     0.019713, 
     0.020414, 
     0.020595, 
     0.020454, 
     0.020112, 
     0.020586, 
     0.020288, 
     0.019751, 
     0.019287, 
     0.015215, 
     0.015401, 
     0.014463, 
     0.012685, 
     0.011972, 
     0.011713, 
     0.018717, 
     0.017461, 
     0.015174, 
     0.015149, 
     0.014689, 
     0.013677, 
     0.011922, 
     0.008885, 
     0.008054, 
     0.007827, 
     0.00748, 
     0.006829, 
     0.006692, 
     0.006507, 
     0.006574, 
     0.007846, 
     0.007366, 
     0.009541, 
     0.00949, 
     0.010178, 
     0.011099, 
     0.011368, 
     0.013859, 
     0.016777, 
     0.01867, 
     0.024157
    ], 
    "val": [
     -37.5, 
     -32.5, 
     -27.5, 
     -22.5, 
     -17.5, 
     -12.5, 
     -7.5, 
     -2.5, 
     2.5, 
     7.5, 
     12.5, 
     17.5, 
     22.5, 
     27.5, 
     32.5, 
     37.5, 
     42.5, 
     47.5, 
     52.5, 
     57.5, 
     62.5, 
     67.5, 
     72.5, 
     77.5, 
     82.5, 
     87.5, 
     92.5, 
     97.5, 
     102.5, 
     107.5, 
     112.5, 
     117.5, 
     122.5, 
     127.5, 
     132.5, 
     137.5, 
     142.5, 
     147.5, 
     152.5, 
     157.5, 
     162.5, 
     167.5, 
     172.5, 
     177.5, 
     182.5, 
     187.5, 
     192.5, 
     197.5, 
     202.5, 
     207.5, 
     212.5, 
     217.5, 
     222.5, 
     227.5, 
     232.5, 
     237.5, 
     242.5, 
     0.0, 
     0.000499, 
     0.0, 
     0.001317, 
     0.000671, 
     0.001171, 
     0.007124, 
     0.317684, 
     0.67316, 
     0.545186, 
     0.590057, 
     0.635857, 
     0.616794, 
     0.663768, 
     0.733967, 
     0.742628, 
     0.765483, 
     0.828967, 
     0.850108, 
     0.846312, 
     0.823947, 
     0.868156, 
     0.846626, 
     0.806737, 
     0.777136, 
     0.715632, 
     0.683994, 
     0.627437, 
     0.55536, 
     0.497671, 
     0.475751, 
     0.475656, 
     0.421597, 
     0.322698, 
     0.326456, 
     0.310681, 
     0.272318, 
     0.20803, 
     0.217167, 
     0.199238, 
     0.186401, 
     0.172921, 
     0.150826, 
     0.145078, 
     0.133974, 
     0.132127, 
     0.133892, 
     0.129365, 
     0.146254, 
     0.136965, 
     0.147025, 
     0.160142, 
     0.152718, 
     0.194032, 
     0.225989, 
     0.21622, 
     0.255297
    ], 
    "title": "Pb(pi,pi)", 
    "accesslnk": 1, 
    "npoints": 57, 
    "errStatMinus": [
     0.0, 
     0.0, 
     0.0, 
     0.0, 
     0.0, 
     0.0, 
     0.0, 
     0.0, 
     0.0, 
     0.0, 
     0.0, 
     0.0, 
     0.0, 
     0.0, 
     0.0, 
     0.0, 
     0.0, 
     0.0, 
     0.0, 
     0.0, 
     0.0, 
     0.0, 
     0.0, 
     0.0, 
     0.0, 
     0.0, 
     0.0, 
     0.0, 
     0.0, 
     0.0, 
     0.0, 
     0.0, 
     0.0, 
     0.0, 
     0.0, 
     0.0, 
     0.0, 
     0.0, 
     0.0, 
     0.0, 
     0.0, 
     0.0, 
     0.0, 
     0.0, 
     0.0, 
     0.0, 
     0.0, 
     0.0, 
     0.0, 
     0.0, 
     0.0, 
     0.0, 
     0.0, 
     0.0, 
     0.0, 
     0.0, 
     0.0, 
     0.0, 
     0.000499, 
     0.0, 
     0.000931, 
     0.000671, 
     0.000838, 
     0.002517, 
     0.014382, 
     0.021301, 
     0.018601, 
     0.017992, 
     0.019165, 
     0.017861, 
     0.018498, 
     0.019407, 
     0.01946, 
     0.019713, 
     0.020414, 
     0.020595, 
     0.020454, 
     0.020112, 
     0.020586, 
     0.020288, 
     0.019751, 
     0.019287, 
     0.015215, 
     0.015401, 
     0.014463, 
     0.012685, 
     0.011972, 
     0.011713, 
     0.018717, 
     0.017461, 
     0.015174, 
     0.015149, 
     0.014689, 
     0.013677, 
     0.011922, 
     0.008885, 
     0.008054, 
     0.007827, 
     0.00748, 
     0.006829, 
     0.006692, 
     0.006507, 
     0.006574, 
     0.007846, 
     0.007366, 
     0.009541, 
     0.00949, 
     0.010178, 
     0.011099, 
     0.011368, 
     0.013859, 
     0.016777, 
     0.01867, 
     0.024157
    ], 
    "scoreslnk": 2
   }, 
   "parnames": [
    "q"
   ]
  }, 
  {
   "targetlnk": 288, 
   "trid": 1, 
   "secondarylnk": 0, 
   "mcdetaillnk": 1, 
   "parvalues": [
    "375MeV/c"
   ], 
   "observablelnk": 21, 
   "testlnk": 0, 
   "referencelnk": 37, 
   "reactionlnk": 4, 
   "beamlnk": 34, 
   "datatable": {
    "dtid": 1, 
    "imageblobslnk": null, 
    "datatypeslnk": 1000, 
    "axisTitle": [
     "Energy loss omega [MeV]", 
     "d 2 sigma/domega dw [mb/sr MeV]"
    ], 
    "errStatPlus": [
     0.0, 
     0.0, 
     0.0, 
     0.0, 
     0.0, 
     0.0, 
     0.0, 
     0.0, 
     0.0, 
     0.0, 
     0.0, 
     0.0, 
     0.0, 
     0.0, 
     0.0, 
     0.0, 
     0.0, 
     0.0, 
     0.0, 
     0.0, 
     0.0, 
     0.0, 
     0.0, 
     0.0, 
     0.0, 
     0.0, 
     0.0, 
     0.0, 
     0.0, 
     0.0, 
     0.0, 
     0.0, 
     0.0, 
     0.0, 
     0.0, 
     0.0, 
     0.0, 
     0.0, 
     0.0, 
     0.0, 
     0.0, 
     0.0, 
     0.0, 
     0.0, 
     0.0, 
     0.0, 
     0.0, 
     0.0, 
     0.0, 
     0.0, 
     0.0, 
     0.0, 
     0.0, 
     0.0, 
     0.0, 
     0.0, 
     0.0, 
     0.0, 
     0.0, 
     0.0, 
     0.0, 
     0.000643, 
     0.000921, 
     0.000518, 
     0.000584, 
     0.008414, 
     0.01677, 
     0.013137, 
     0.01361, 
     0.014545, 
     0.014906, 
     0.015851, 
     0.016275, 
     0.016074, 
     0.016669, 
     0.017292, 
     0.01828, 
     0.018817, 
     0.01897, 
     0.019256, 
     0.018867, 
     0.018827, 
     0.018029, 
     0.014318, 
     0.014886, 
     0.013352, 
     0.012812, 
     0.012246, 
     0.011881, 
     0.011502, 
     0.011234, 
     0.016352, 
     0.01612, 
     0.015439, 
     0.014475, 
     0.013673, 
     0.009235, 
     0.008356, 
     0.010211, 
     0.007311, 
     0.006992, 
     0.006748, 
     0.006527, 
     0.006553, 
     0.006406, 
     0.006651, 
     0.007214, 
     0.008295, 
     0.008014, 
     0.008228, 
     0.007833, 
     0.008408, 
     0.008292, 
     0.008426, 
     0.008804, 
     0.019511
    ],