{
 "ResultList": [
  {
   "targetlnk": 288, 
   "trid": 1, 
   "secondarylnk": 0, 
   "mcdetaillnk": 1, 
   "parvalues": [
    "650MeV/c"
   ], 
   "observablelnk": 21, 
   "testlnk": 0, 
   "referencelnk": 37, 
   "reactionlnk": 4, 
   "beamlnk": 34, 
   "datatable": {
    "dtid": 1, 
    "imageblobslnk": null, 
    "datatypeslnk": 1000, 
    "axisTitle": [
     "Energy loss omega [MeV]", 
     "d 2 sigma/domega dw [mb/sr MeV]"
    ], 
    "errStatPlus": [
     0.0, 
     0.0, 
     0.0, 
     0.0, 
     0.0, 
     0.0, 
     0.0, 
     0.0, 
     0.0, 
     0.0, 
     0.0, 
     0.0, 
     0.0, 
     0.0, 
     0.0, 
     0.0, 
     0.0, 
     0.0, 
     0.0, 
     0.0, 
     0.0, 
     0.0, 
     0.0, 
     0.0, 
     0.0, 
     0.0, 
     0.0, 
     0.0, 
     0.0, 
     0.0, 
     0.0, 
     0.0, 
     0.0, 
     0.0, 
     0.0, 
     0.0, 
     0.0, 
     0.0, 
     0.0, 
     0.0, 
     0.0, 
     0.0, 
     0.0, 
     0.0, 
     0.0, 
     0.0, 
     0.0, 
     0.0, 
     0.0, 
     0.0, 
     0.0, 
     0.0, 
     0.0, 
     0.0, 
     0.0, 
     0.0, 
     0.0, 
     0.0, 
     0.0, 
     0.0, 
     0.0, 
     0.0, 
     0.0, 
     0.0, 
     0.0, 
     0.0, 
     0.0, 
     0.0, 
     0.0, 
     0.0, 
     0.0, 
     0.0, 
     0.0, 
     0.0, 
     0.0, 
     0.0, 
     0.0, 
     0.0, 
     0.0, 
     0.0, 
     0.0, 
     0.0, 
     0.0, 
     0.0, 
     0.0, 
     0.0, 
     0.0, 
     0.0, 
     0.0, 
     0.000708, 
     0.001299, 
     0.00156, 
     0.001443, 
     0.001634, 
     0.002071, 
     0.001403, 
     0.001991, 
     0.002452, 
     0.002966, 
     0.003016, 
     0.002714, 
     0.00291, 
     0.00311, 
     0.002962, 
     0.003282, 
     0.00339, 
     0.003647, 
     0.003844, 
     0.003772, 
     0.004107, 
     0.004227, 
     0.00424, 
     0.004337, 
     0.004582, 
     0.004667, 
     0.005086, 
     0.005278, 
     0.005353, 
     0.005534, 
     0.005864, 
     0.00572, 
     0.006478, 
     0.006855, 
     0.007068, 
     0.007391, 
     0.007219, 
     0.008115, 
     0.008197, 
     0.007976, 
     0.007426, 
     0.007924, 
     0.008289, 
     0.00787, 
     0.008357, 
     0.007928, 
     0.008283, 
     0.008542, 
     0.00908, 
     0.009892, 
     0.009402, 
     0.009709, 
     0.009446, 
     0.009308, 
     0.008967, 
     0.008653, 
     0.008967, 
     0.009294, 
     0.009278, 
     0.010643, 
     0.010485, 
     0.013973, 
     0.018163, 
     0.016385, 
     0.016468, 
     0.016439, 
     0.016575, 
     0.017274, 
     0.015638, 
     0.014605, 
     0.014515
    ], 
    "val": [
     -37.5, 
     -32.5, 
     -27.5, 
     -22.5, 
     -17.5, 
     -12.5, 
     -7.5, 
     -2.5, 
     2.5, 
     7.5, 
     12.5, 
     17.5, 
     22.5, 
     27.5, 
     32.5, 
     37.5, 
     42.5, 
     47.5, 
     52.5, 
     57.5, 
     62.5, 
     67.5, 
     72.5, 
     77.5, 
     82.5, 
     87.5, 
     92.5, 
     97.5, 
     102.5, 
     107.5, 
     112.5, 
     117.5, 
     122.5, 
     127.5, 
     132.5, 
     137.5, 
     142.5, 
     147.5, 
     152.5, 
     157.5, 
     162.5, 
     167.5, 
     172.5, 
     177.5, 
     182.5, 
     187.5, 
     192.5, 
     197.5, 
     202.5, 
     207.5, 
     212.5, 
     217.5, 
     222.5, 
     227.5, 
     232.5, 
     237.5, 
     242.5, 
     247.5, 
     252.5, 
     257.5, 
     262.5, 
     267.5, 
     272.5, 
     277.5, 
     282.5, 
     287.5, 
     292.5, 
     297.5, 
     302.5, 
     307.5, 
     312.5, 
     317.5, 
     322.5, 
     327.5, 
     332.5, 
     337.5, 
     342.5, 
     347.5, 
     352.5, 
     357.5, 
     0.0, 
     0.0, 
     0.0, 
     0.0, 
     0.0, 
     0.0, 
     0.0, 
     0.0, 
     0.0, 
     0.000708, 
     0.002249, 
     0.005169, 
     0.00449, 
     0.005448, 
     0.009006, 
     0.004168, 
     0.008259, 
     0.012602, 
     0.018821, 
     0.019151, 
     0.015665, 
     0.019475, 
     0.026648, 
     0.025424, 
     0.031587, 
     0.034946, 
     0.041344, 
     0.04482, 
     0.044064, 
     0.052393, 
     0.0541, 
     0.055157, 
     0.057954, 
     0.064477, 
     0.067093, 
     0.079485, 
     0.085144, 
     0.087059, 
     0.093137, 
     0.099317, 
     0.09578, 
     0.119395, 
     0.128088, 
     0.127474, 
     0.135154, 
     0.120587, 
     0.137289, 
     0.137975, 
     0.136418, 
     0.117981, 
     0.134706, 
     0.145936, 
     0.132598, 
     0.146832, 
     0.132278, 
     0.141357, 
     0.146343, 
     0.145882, 
     0.133529, 
     0.122926, 
     0.128421, 
     0.124276, 
     0.104744, 
     0.110853, 
     0.099735, 
     0.103538, 
     0.102251, 
     0.092455, 
     0.097251, 
     0.111226, 
     0.060864, 
     0.104299, 
     0.085087, 
     0.085517, 
     0.086933, 
     0.087647, 
     0.096131, 
     0.079661, 
     0.069995, 
     0.069532
    ], 
    "title": "Pb(pi,pi)", 
    "accesslnk": 1, 
    "npoints": 80, 
    "errStatMinus": [
     0.0, 
     0.0, 
     0.0, 
     0.0, 
     0.0, 
     0.0, 
     0.0, 
     0.0, 
     0.0, 
     0.0, 
     0.0, 
     0.0, 
     0.0, 
     0.0, 
     0.0, 
     0.0, 
     0.0, 
     0.0, 
     0.0, 
     0.0, 
     0.0, 
     0.0, 
     0.0, 
     0.0, 
     0.0, 
     0.0, 
     0.0, 
     0.0, 
     0.0, 
     0.0, 
     0.0, 
     0.0, 
     0.0, 
     0.0, 
     0.0, 
     0.0, 
     0.0, 
     0.0, 
     0.0, 
     0.0, 
     0.0, 
     0.0, 
     0.0, 
     0.0, 
     0.0, 
     0.0, 
     0.0, 
     0.0, 
     0.0, 
     0.0, 
     0.0, 
     0.0, 
     0.0, 
     0.0, 
     0.0, 
     0.0, 
     0.0, 
     0.0, 
     0.0, 
     0.0, 
     0.0, 
     0.0, 
     0.0, 
     0.0, 
     0.0, 
     0.0, 
     0.0, 
     0.0, 
     0.0, 
     0.0, 
     0.0, 
     0.0, 
     0.0, 
     0.0, 
     0.0, 
     0.0, 
     0.0, 
     0.0, 
     0.0, 
     0.0, 
     0.0, 
     0.0, 
     0.0, 
     0.0, 
     0.0, 
     0.0, 
     0.0, 
     0.0, 
     0.0, 
     0.000708, 
     0.001299, 
     0.00156, 
     0.001443, 
     0.001634, 
     0.002071, 
     0.001403, 
     0.001991, 
     0.002452, 
     0.002966, 
     0.003016, 
     0.002714, 
     0.00291, 
     0.00311, 
     0.002962, 
     0.003282, 
     0.00339, 
     0.003647, 
     0.003844, 
     0.003772, 
     0.004107, 
     0.004227, 
     0.00424, 
     0.004337, 
     0.004582, 
     0.004667, 
     0.005086, 
     0.005278, 
     0.005353, 
     0.005534, 
     0.005864, 
     0.00572, 
     0.006478, 
     0.006855, 
     0.007068, 
     0.007391, 
     0.007219, 
     0.008115, 
     0.008197, 
     0.007976, 
     0.007426, 
     0.007924, 
     0.008289, 
     0.00787, 
     0.008357, 
     0.007928, 
     0.008283, 
     0.008542, 
     0.00908, 
     0.009892, 
     0.009402, 
     0.009709, 
     0.009446, 
     0.009308, 
     0.008967, 
     0.008653, 
     0.008967, 
     0.009294, 
     0.009278, 
     0.010643, 
     0.010485, 
     0.013973, 
     0.018163, 
     0.016385, 
     0.016468, 
     0.016439, 
     0.016575, 
     0.017274, 
     0.015638, 
     0.014605, 
     0.014515
    ], 
    "scoreslnk": 2
   }, 
   "parnames": [
    "q"
   ]
  }
 ]
}
