{
 "ResultList": [
  {
   "targetlnk": 40, 
   "trid": 1, 
   "secondarylnk": 0, 
   "mcdetaillnk": 1, 
   "parvalues": [
    "350MeV/c"
   ], 
   "observablelnk": 21, 
   "testlnk": 0, 
   "referencelnk": 37, 
   "reactionlnk": 4, 
   "beamlnk": 34, 
   "datatable": {
    "dtid": 1, 
    "imageblobslnk": null, 
    "datatypeslnk": 1000, 
    "axisTitle": [
     "Energy loss omega [MeV]", 
     "d 2 sigma/domega dw [mb/sr MeV]"
    ], 
    "errStatPlus": [
     0.0, 
     0.0, 
     0.0, 
     0.0, 
     0.0, 
     0.0, 
     0.0, 
     0.0, 
     0.0, 
     0.0, 
     0.0, 
     0.0, 
     0.0, 
     0.0, 
     0.0, 
     0.0, 
     0.0, 
     0.0, 
     0.0, 
     0.0, 
     0.0, 
     0.0, 
     0.0, 
     0.0, 
     0.0, 
     0.0, 
     0.0, 
     0.0, 
     0.0, 
     0.0, 
     0.0, 
     0.0, 
     0.0, 
     0.0, 
     0.0, 
     0.0, 
     0.0, 
     0.0, 
     0.0, 
     0.0, 
     0.0, 
     0.0, 
     0.0, 
     0.0, 
     0.0, 
     0.0, 
     0.0, 
     0.0, 
     0.0, 
     0.0, 
     0.0, 
     0.0, 
     0.0, 
     0.0, 
     0.0, 
     0.0, 
     0.0, 
     0.0, 
     0.0, 
     0.0, 
     0.0, 
     0.0, 
     0.0, 
     0.00366, 
     0.02267, 
     0.020305, 
     0.016326, 
     0.016826, 
     0.017887, 
     0.018135, 
     0.017651, 
     0.017947, 
     0.018094, 
     0.018358, 
     0.018842, 
     0.0195, 
     0.019411, 
     0.019157, 
     0.019747, 
     0.019697, 
     0.01853, 
     0.019175, 
     0.01472, 
     0.013984, 
     0.013967, 
     0.014108, 
     0.011488, 
     0.011115, 
     0.017026, 
     0.01558, 
     0.014626, 
     0.014441, 
     0.012789, 
     0.012818, 
     0.011548, 
     0.008697, 
     0.008008, 
     0.006917, 
     0.006882, 
     0.006321, 
     0.006511, 
     0.006265, 
     0.00695, 
     0.006067, 
     0.008616, 
     0.009634, 
     0.009018, 
     0.01078, 
     0.010792, 
     0.011982, 
     0.013962, 
     0.015779, 
     0.01949, 
     0.021166
    ], 
    "val": [
     -37.5, 
     -32.5, 
     -27.5, 
     -22.5, 
     -17.5, 
     -12.5, 
     -7.5, 
     -2.5, 
     2.5, 
     7.5, 
     12.5, 
     17.5, 
     22.5, 
     27.5, 
     32.5, 
     37.5, 
     42.5, 
     47.5, 
     52.5, 
     57.5, 
     62.5, 
     67.5, 
     72.5, 
     77.5, 
     82.5, 
     87.5, 
     92.5, 
     97.5, 
     102.5, 
     107.5, 
     112.5, 
     117.5, 
     122.5, 
     127.5, 
     132.5, 
     137.5, 
     142.5, 
     147.5, 
     152.5, 
     157.5, 
     162.5, 
     167.5, 
     172.5, 
     177.5, 
     182.5, 
     187.5, 
     192.5, 
     197.5, 
     202.5, 
     207.5, 
     212.5, 
     217.5, 
     222.5, 
     227.5, 
     232.5, 
     237.5, 
     242.5, 
     0.0, 
     0.0, 
     0.0, 
     0.0, 
     0.0, 
     0.0, 
     0.007112, 
     0.153095, 
     0.606727, 
     0.42162, 
     0.471565, 
     0.512135, 
     0.547898, 
     0.534897, 
     0.55443, 
     0.567651, 
     0.587464, 
     0.622939, 
     0.673564, 
     0.673057, 
     0.659821, 
     0.705232, 
     0.704801, 
     0.627132, 
     0.676649, 
     0.594514, 
     0.557879, 
     0.512781, 
     0.48517, 
     0.411726, 
     0.379229, 
     0.363753, 
     0.309887, 
     0.276216, 
     0.272747, 
     0.217712, 
     0.220433, 
     0.18031, 
     0.177041, 
     0.159305, 
     0.132619, 
     0.133273, 
     0.113651, 
     0.115894, 
     0.109526, 
     0.115757, 
     0.089122, 
     0.119285, 
     0.123472, 
     0.102856, 
     0.138342, 
     0.125624, 
     0.140916, 
     0.165247, 
     0.170114, 
     0.200728, 
     0.17471
    ], 
    "title": "Zr(pi,pi)", 
    "accesslnk": 1, 
    "npoints": 57, 
    "errStatMinus": [
     0.0, 
     0.0, 
     0.0, 
     0.0, 
     0.0, 
     0.0, 
     0.0, 
     0.0, 
     0.0, 
     0.0, 
     0.0, 
     0.0, 
     0.0, 
     0.0, 
     0.0, 
     0.0, 
     0.0, 
     0.0, 
     0.0, 
     0.0, 
     0.0, 
     0.0, 
     0.0, 
     0.0, 
     0.0, 
     0.0, 
     0.0, 
     0.0, 
     0.0, 
     0.0, 
     0.0, 
     0.0, 
     0.0, 
     0.0, 
     0.0, 
     0.0, 
     0.0, 
     0.0, 
     0.0, 
     0.0, 
     0.0, 
     0.0, 
     0.0, 
     0.0, 
     0.0, 
     0.0, 
     0.0, 
     0.0, 
     0.0, 
     0.0, 
     0.0, 
     0.0, 
     0.0, 
     0.0, 
     0.0, 
     0.0, 
     0.0, 
     0.0, 
     0.0, 
     0.0, 
     0.0, 
     0.0, 
     0.0, 
     0.00366, 
     0.02267, 
     0.020305, 
     0.016326, 
     0.016826, 
     0.017887, 
     0.018135, 
     0.017651, 
     0.017947, 
     0.018094, 
     0.018358, 
     0.018842, 
     0.0195, 
     0.019411, 
     0.019157, 
     0.019747, 
     0.019697, 
     0.01853, 
     0.019175, 
     0.01472, 
     0.013984, 
     0.013967, 
     0.014108, 
     0.011488, 
     0.011115, 
     0.017026, 
     0.01558, 
     0.014626, 
     0.014441, 
     0.012789, 
     0.012818, 
     0.011548, 
     0.008697, 
     0.008008, 
     0.006917, 
     0.006882, 
     0.006321, 
     0.006511, 
     0.006265, 
     0.00695, 
     0.006067, 
     0.008616, 
     0.009634, 
     0.009018, 
     0.01078, 
     0.010792, 
     0.011982, 
     0.013962, 
     0.015779, 
     0.01949, 
     0.021166
    ], 
    "scoreslnk": 2
   }, 
   "parnames": [
    "q"
   ]
  }, 
  {
   "targetlnk": 40, 
   "trid": 1, 
   "secondarylnk": 0, 
   "mcdetaillnk": 1, 
   "parvalues": [
    "375MeV/c"
   ], 
   "observablelnk": 21, 
   "testlnk": 0, 
   "referencelnk": 37, 
   "reactionlnk": 4, 
   "beamlnk": 34, 
   "datatable": {
    "dtid": 1, 
    "imageblobslnk": null, 
    "datatypeslnk": 1000, 
    "axisTitle": [
     "Energy loss omega [MeV]", 
     "d 2 sigma/domega dw [mb/sr MeV]"
    ], 
    "errStatPlus": [
     0.0, 
     0.0, 
     0.0, 
     0.0, 
     0.0, 
     0.0, 
     0.0, 
     0.0, 
     0.0, 
     0.0, 
     0.0, 
     0.0, 
     0.0, 
     0.0, 
     0.0, 
     0.0, 
     0.0, 
     0.0, 
     0.0, 
     0.0, 
     0.0, 
     0.0, 
     0.0, 
     0.0, 
     0.0, 
     0.0, 
     0.0, 
     0.0, 
     0.0, 
     0.0, 
     0.0, 
     0.0, 
     0.0, 
     0.0, 
     0.0, 
     0.0, 
     0.0, 
     0.0, 
     0.0, 
     0.0, 
     0.0, 
     0.0, 
     0.0, 
     0.0, 
     0.0, 
     0.0, 
     0.0, 
     0.0, 
     0.0, 
     0.0, 
     0.0, 
     0.0, 
     0.0, 
     0.0, 
     0.0, 
     0.0, 
     0.0, 
     0.0, 
     0.0, 
     0.0, 
     0.0, 
     0.0, 
     0.0, 
     0.0, 
     0.0, 
     0.00353, 
     0.011794, 
     0.015233, 
     0.013511, 
     0.013938, 
     0.014614, 
     0.014903, 
     0.015006, 
     0.015345, 
     0.016395, 
     0.01619, 
     0.0172, 
     0.018058, 
     0.017627, 
     0.017672, 
     0.017886, 
     0.018004, 
     0.01735, 
     0.015616, 
     0.01339, 
     0.013682, 
     0.01202, 
     0.01181, 
     0.011283, 
     0.010808, 
     0.010598, 
     0.016171, 
     0.014809, 
     0.014566, 
     0.013044, 
     0.013056, 
     0.008736, 
     0.008797, 
     0.008004, 
     0.007162, 
     0.00686, 
     0.006926, 
     0.006144, 
     0.005852, 
     0.005633, 
     0.005698, 
     0.006905, 
     0.005969, 
     0.008049, 
     0.008148, 
     0.007792, 
     0.007956, 
     0.007964, 
     0.008032, 
     0.009485, 
     0.016091
    ],