{
 "ResultList": [
  {
   "targetlnk": 40, 
   "trid": 1, 
   "secondarylnk": 0, 
   "mcdetaillnk": 1, 
   "parvalues": [
    "425MeV/c"
   ], 
   "observablelnk": 21, 
   "testlnk": 0, 
   "referencelnk": 37, 
   "reactionlnk": 4, 
   "beamlnk": 34, 
   "datatable": {
    "dtid": 1, 
    "imageblobslnk": null, 
    "datatypeslnk": 1000, 
    "axisTitle": [
     "Energy loss omega [MeV]", 
     "d 2 sigma/domega dw [mb/sr MeV]"
    ], 
    "errStatPlus": [
     0.0, 
     0.0, 
     0.0, 
     0.0, 
     0.0, 
     0.0, 
     0.0, 
     0.0, 
     0.0, 
     0.0, 
     0.0, 
     0.0, 
     0.0, 
     0.0, 
     0.0, 
     0.0, 
     0.0, 
     0.0, 
     0.0, 
     0.0, 
     0.0, 
     0.0, 
     0.0, 
     0.0, 
     0.0, 
     0.0, 
     0.0, 
     0.0, 
     0.0, 
     0.0, 
     0.0, 
     0.0, 
     0.0, 
     0.0, 
     0.0, 
     0.0, 
     0.0, 
     0.0, 
     0.0, 
     0.0, 
     0.0, 
     0.0, 
     0.0, 
     0.0, 
     0.0, 
     0.0, 
     0.0, 
     0.0, 
     0.0, 
     0.0, 
     0.0, 
     0.0, 
     0.0, 
     0.0, 
     0.0, 
     0.0, 
     0.0, 
     0.0, 
     0.0, 
     0.0, 
     0.0, 
     0.0, 
     0.0, 
     0.0, 
     0.0, 
     0.0, 
     0.001505, 
     0.005473, 
     0.011738, 
     0.008442, 
     0.008675, 
     0.00947, 
     0.010037, 
     0.010011, 
     0.0108, 
     0.011138, 
     0.011841, 
     0.011971, 
     0.01281, 
     0.013692, 
     0.013846, 
     0.01401, 
     0.014624, 
     0.01471, 
     0.014699, 
     0.011925, 
     0.011673, 
     0.011852, 
     0.011613, 
     0.011643, 
     0.011095, 
     0.010883, 
     0.010503, 
     0.01655, 
     0.016204, 
     0.011854, 
     0.011096, 
     0.0101, 
     0.010018, 
     0.009165, 
     0.008883, 
     0.008669, 
     0.007983, 
     0.007692, 
     0.00714, 
     0.007252, 
     0.006675, 
     0.006415, 
     0.00608, 
     0.006715, 
     0.008285, 
     0.008325, 
     0.008096, 
     0.007252, 
     0.007958, 
     0.00582, 
     0.007537, 
     0.007585, 
     0.007487, 
     0.008516
    ], 
    "val": [
     -37.5, 
     -32.5, 
     -27.5, 
     -22.5, 
     -17.5, 
     -12.5, 
     -7.5, 
     -2.5, 
     2.5, 
     7.5, 
     12.5, 
     17.5, 
     22.5, 
     27.5, 
     32.5, 
     37.5, 
     42.5, 
     47.5, 
     52.5, 
     57.5, 
     62.5, 
     67.5, 
     72.5, 
     77.5, 
     82.5, 
     87.5, 
     92.5, 
     97.5, 
     102.5, 
     107.5, 
     112.5, 
     117.5, 
     122.5, 
     127.5, 
     132.5, 
     137.5, 
     142.5, 
     147.5, 
     152.5, 
     157.5, 
     162.5, 
     167.5, 
     172.5, 
     177.5, 
     182.5, 
     187.5, 
     192.5, 
     197.5, 
     202.5, 
     207.5, 
     212.5, 
     217.5, 
     222.5, 
     227.5, 
     232.5, 
     237.5, 
     242.5, 
     247.5, 
     252.5, 
     257.5, 
     0.0, 
     0.0, 
     0.0, 
     0.0, 
     0.0, 
     0.0, 
     0.002482, 
     0.026548, 
     0.21254, 
     0.110027, 
     0.116686, 
     0.13915, 
     0.157399, 
     0.156986, 
     0.184498, 
     0.197942, 
     0.22586, 
     0.232072, 
     0.266822, 
     0.307023, 
     0.315679, 
     0.324589, 
     0.356618, 
     0.363219, 
     0.365925, 
     0.393532, 
     0.379263, 
     0.393238, 
     0.38075, 
     0.386748, 
     0.355415, 
     0.346545, 
     0.326317, 
     0.313957, 
     0.30266, 
     0.310753, 
     0.282803, 
     0.250218, 
     0.250252, 
     0.212642, 
     0.20303, 
     0.195529, 
     0.167859, 
     0.157713, 
     0.137852, 
     0.144108, 
     0.122991, 
     0.113438, 
     0.100921, 
     0.111957, 
     0.106403, 
     0.109164, 
     0.105231, 
     0.085794, 
     0.104639, 
     0.057599, 
     0.097274, 
     0.098271, 
     0.094326, 
     0.091538
    ], 
    "title": "Zr(pi,pi)", 
    "accesslnk": 1, 
    "npoints": 60, 
    "errStatMinus": [
     0.0, 
     0.0, 
     0.0, 
     0.0, 
     0.0, 
     0.0, 
     0.0, 
     0.0, 
     0.0, 
     0.0, 
     0.0, 
     0.0, 
     0.0, 
     0.0, 
     0.0, 
     0.0, 
     0.0, 
     0.0, 
     0.0, 
     0.0, 
     0.0, 
     0.0, 
     0.0, 
     0.0, 
     0.0, 
     0.0, 
     0.0, 
     0.0, 
     0.0, 
     0.0, 
     0.0, 
     0.0, 
     0.0, 
     0.0, 
     0.0, 
     0.0, 
     0.0, 
     0.0, 
     0.0, 
     0.0, 
     0.0, 
     0.0, 
     0.0, 
     0.0, 
     0.0, 
     0.0, 
     0.0, 
     0.0, 
     0.0, 
     0.0, 
     0.0, 
     0.0, 
     0.0, 
     0.0, 
     0.0, 
     0.0, 
     0.0, 
     0.0, 
     0.0, 
     0.0, 
     0.0, 
     0.0, 
     0.0, 
     0.0, 
     0.0, 
     0.0, 
     0.001505, 
     0.005473, 
     0.011738, 
     0.008442, 
     0.008675, 
     0.00947, 
     0.010037, 
     0.010011, 
     0.0108, 
     0.011138, 
     0.011841, 
     0.011971, 
     0.01281, 
     0.013692, 
     0.013846, 
     0.01401, 
     0.014624, 
     0.01471, 
     0.014699, 
     0.011925, 
     0.011673, 
     0.011852, 
     0.011613, 
     0.011643, 
     0.011095, 
     0.010883, 
     0.010503, 
     0.01655, 
     0.016204, 
     0.011854, 
     0.011096, 
     0.0101, 
     0.010018, 
     0.009165, 
     0.008883, 
     0.008669, 
     0.007983, 
     0.007692, 
     0.00714, 
     0.007252, 
     0.006675, 
     0.006415, 
     0.00608, 
     0.006715, 
     0.008285, 
     0.008325, 
     0.008096, 
     0.007252, 
     0.007958, 
     0.00582, 
     0.007537, 
     0.007585, 
     0.007487, 
     0.008516
    ], 
    "scoreslnk": 2
   }, 
   "parnames": [
    "q"
   ]
  }, 
  {
   "targetlnk": 40, 
   "trid": 1, 
   "secondarylnk": 0, 
   "mcdetaillnk": 1, 
   "parvalues": [
    "450MeV/c"
   ], 
   "observablelnk": 21, 
   "testlnk": 0, 
   "referencelnk": 37, 
   "reactionlnk": 4, 
   "beamlnk": 34, 
   "datatable": {
    "dtid": 1, 
    "imageblobslnk": null, 
    "datatypeslnk": 1000, 
    "axisTitle": [
     "Energy loss omega [MeV]", 
     "d 2 sigma/domega dw [mb/sr MeV]"
    ], 
    "errStatPlus": [
     0.0, 
     0.0, 
     0.0, 
     0.0, 
     0.0, 
     0.0, 
     0.0, 
     0.0, 
     0.0, 
     0.0, 
     0.0, 
     0.0, 
     0.0, 
     0.0, 
     0.0, 
     0.0, 
     0.0, 
     0.0, 
     0.0, 
     0.0, 
     0.0, 
     0.0, 
     0.0, 
     0.0, 
     0.0, 
     0.0, 
     0.0, 
     0.0, 
     0.0, 
     0.0, 
     0.0, 
     0.0, 
     0.0, 
     0.0, 
     0.0, 
     0.0, 
     0.0, 
     0.0, 
     0.0, 
     0.0, 
     0.0, 
     0.0, 
     0.0, 
     0.0, 
     0.0, 
     0.0, 
     0.0, 
     0.0, 
     0.0, 
     0.0, 
     0.0, 
     0.0, 
     0.0, 
     0.0, 
     0.0, 
     0.0, 
     0.0, 
     0.0, 
     0.0, 
     0.0, 
     0.0, 
     0.0, 
     0.0, 
     0.0, 
     0.0, 
     0.0, 
     0.0, 
     0.0, 
     0.0, 
     0.003408, 
     0.008489, 
     0.006313, 
     0.006432, 
     0.008031, 
     0.007975, 
     0.008275, 
     0.009205, 
     0.008889, 
     0.010153, 
     0.01065, 
     0.011289, 
     0.011567, 
     0.011958, 
     0.012001, 
     0.013295, 
     0.010304, 
     0.010386, 
     0.010706, 
     0.010847, 
     0.010877, 
     0.010592, 
     0.011076, 
     0.010883, 
     0.010473, 
     0.010894, 
     0.016226, 
     0.017017, 
     0.01339, 
     0.010247, 
     0.010576, 
     0.010062, 
     0.010044, 
     0.009448, 
     0.009323, 
     0.008753, 
     0.008348, 
     0.008183, 
     0.007714, 
     0.007226, 
     0.006938, 
     0.006615, 
     0.00612, 
     0.006379, 
     0.008515, 
     0.007897, 
     0.007621, 
     0.007543, 
     0.007808, 
     0.00716, 
     0.007393, 
     0.007669, 
     0.007515, 
     0.009866, 
     0.007644
    ],