{
 "ResultList": [
  {
   "targetlnk": 40, 
   "trid": 1, 
   "secondarylnk": 0, 
   "mcdetaillnk": 1, 
   "parvalues": [
    "500MeV/c"
   ], 
   "observablelnk": 21, 
   "testlnk": 0, 
   "referencelnk": 37, 
   "reactionlnk": 4, 
   "beamlnk": 34, 
   "datatable": {
    "dtid": 1, 
    "imageblobslnk": null, 
    "datatypeslnk": 1000, 
    "axisTitle": [
     "Energy loss omega [MeV]", 
     "d 2 sigma/domega dw [mb/sr MeV]"
    ], 
    "errStatPlus": [
     0.0, 
     0.0, 
     0.0, 
     0.0, 
     0.0, 
     0.0, 
     0.0, 
     0.0, 
     0.0, 
     0.0, 
     0.0, 
     0.0, 
     0.0, 
     0.0, 
     0.0, 
     0.0, 
     0.0, 
     0.0, 
     0.0, 
     0.0, 
     0.0, 
     0.0, 
     0.0, 
     0.0, 
     0.0, 
     0.0, 
     0.0, 
     0.0, 
     0.0, 
     0.0, 
     0.0, 
     0.0, 
     0.0, 
     0.0, 
     0.0, 
     0.0, 
     0.0, 
     0.0, 
     0.0, 
     0.0, 
     0.0, 
     0.0, 
     0.0, 
     0.0, 
     0.0, 
     0.0, 
     0.0, 
     0.0, 
     0.0, 
     0.0, 
     0.0, 
     0.0, 
     0.0, 
     0.0, 
     0.0, 
     0.0, 
     0.0, 
     0.0, 
     0.0, 
     0.0, 
     0.0, 
     0.0, 
     0.0, 
     0.0, 
     0.0, 
     0.0, 
     0.0, 
     0.000749, 
     0.0, 
     0.0, 
     0.0, 
     0.0, 
     0.001025, 
     0.002635, 
     0.004006, 
     0.004427, 
     0.005266, 
     0.005017, 
     0.006434, 
     0.006046, 
     0.006961, 
     0.006818, 
     0.007888, 
     0.007344, 
     0.008376, 
     0.006965, 
     0.008169, 
     0.007739, 
     0.00772, 
     0.008504, 
     0.008658, 
     0.008883, 
     0.008664, 
     0.009261, 
     0.008163, 
     0.008613, 
     0.008871, 
     0.008227, 
     0.008088, 
     0.007782, 
     0.008042, 
     0.007683, 
     0.010605, 
     0.010433, 
     0.009657, 
     0.009751, 
     0.00958, 
     0.009391, 
     0.009044, 
     0.008598, 
     0.008601, 
     0.008259, 
     0.007907, 
     0.007508, 
     0.007417, 
     0.006599, 
     0.00676, 
     0.006902, 
     0.007139, 
     0.008757, 
     0.008123, 
     0.007871, 
     0.007642, 
     0.007449, 
     0.006954, 
     0.006969, 
     0.007888, 
     0.007153, 
     0.00735, 
     0.043769
    ], 
    "val": [
     -37.5, 
     -32.5, 
     -27.5, 
     -22.5, 
     -17.5, 
     -12.5, 
     -7.5, 
     -2.5, 
     2.5, 
     7.5, 
     12.5, 
     17.5, 
     22.5, 
     27.5, 
     32.5, 
     37.5, 
     42.5, 
     47.5, 
     52.5, 
     57.5, 
     62.5, 
     67.5, 
     72.5, 
     77.5, 
     82.5, 
     87.5, 
     92.5, 
     97.5, 
     102.5, 
     107.5, 
     112.5, 
     117.5, 
     122.5, 
     127.5, 
     132.5, 
     137.5, 
     142.5, 
     147.5, 
     152.5, 
     157.5, 
     162.5, 
     167.5, 
     172.5, 
     177.5, 
     182.5, 
     187.5, 
     192.5, 
     197.5, 
     202.5, 
     207.5, 
     212.5, 
     217.5, 
     222.5, 
     227.5, 
     232.5, 
     237.5, 
     242.5, 
     247.5, 
     252.5, 
     257.5, 
     262.5, 
     267.5, 
     272.5, 
     277.5, 
     282.5, 
     0.0, 
     0.0, 
     0.000749, 
     0.0, 
     0.0, 
     0.0, 
     0.0, 
     0.001449, 
     0.009856, 
     0.022652, 
     0.027994, 
     0.039752, 
     0.03617, 
     0.059661, 
     0.053045, 
     0.070974, 
     0.068496, 
     0.092637, 
     0.080767, 
     0.105589, 
     0.117301, 
     0.143449, 
     0.147744, 
     0.148265, 
     0.18041, 
     0.187948, 
     0.199119, 
     0.190281, 
     0.21941, 
     0.214629, 
     0.224279, 
     0.234419, 
     0.253109, 
     0.244309, 
     0.228308, 
     0.246919, 
     0.224904, 
     0.249644, 
     0.244018, 
     0.210807, 
     0.216981, 
     0.211103, 
     0.203577, 
     0.190296, 
     0.174042, 
     0.176765, 
     0.165445, 
     0.153539, 
     0.140186, 
     0.137627, 
     0.108512, 
     0.111689, 
     0.105949, 
     0.099474, 
     0.107938, 
     0.095052, 
     0.090413, 
     0.086772, 
     0.083936, 
     0.074221, 
     0.074291, 
     0.090243, 
     0.063617, 
     0.066425, 
     0.131065
    ], 
    "title": "Zr(pi,pi)", 
    "accesslnk": 1, 
    "npoints": 65, 
    "errStatMinus": [
     0.0, 
     0.0, 
     0.0, 
     0.0, 
     0.0, 
     0.0, 
     0.0, 
     0.0, 
     0.0, 
     0.0, 
     0.0, 
     0.0, 
     0.0, 
     0.0, 
     0.0, 
     0.0, 
     0.0, 
     0.0, 
     0.0, 
     0.0, 
     0.0, 
     0.0, 
     0.0, 
     0.0, 
     0.0, 
     0.0, 
     0.0, 
     0.0, 
     0.0, 
     0.0, 
     0.0, 
     0.0, 
     0.0, 
     0.0, 
     0.0, 
     0.0, 
     0.0, 
     0.0, 
     0.0, 
     0.0, 
     0.0, 
     0.0, 
     0.0, 
     0.0, 
     0.0, 
     0.0, 
     0.0, 
     0.0, 
     0.0, 
     0.0, 
     0.0, 
     0.0, 
     0.0, 
     0.0, 
     0.0, 
     0.0, 
     0.0, 
     0.0, 
     0.0, 
     0.0, 
     0.0, 
     0.0, 
     0.0, 
     0.0, 
     0.0, 
     0.0, 
     0.0, 
     0.000749, 
     0.0, 
     0.0, 
     0.0, 
     0.0, 
     0.001025, 
     0.002635, 
     0.004006, 
     0.004427, 
     0.005266, 
     0.005017, 
     0.006434, 
     0.006046, 
     0.006961, 
     0.006818, 
     0.007888, 
     0.007344, 
     0.008376, 
     0.006965, 
     0.008169, 
     0.007739, 
     0.00772, 
     0.008504, 
     0.008658, 
     0.008883, 
     0.008664, 
     0.009261, 
     0.008163, 
     0.008613, 
     0.008871, 
     0.008227, 
     0.008088, 
     0.007782, 
     0.008042, 
     0.007683, 
     0.010605, 
     0.010433, 
     0.009657, 
     0.009751, 
     0.00958, 
     0.009391, 
     0.009044, 
     0.008598, 
     0.008601, 
     0.008259, 
     0.007907, 
     0.007508, 
     0.007417, 
     0.006599, 
     0.00676, 
     0.006902, 
     0.007139, 
     0.008757, 
     0.008123, 
     0.007871, 
     0.007642, 
     0.007449, 
     0.006954, 
     0.006969, 
     0.007888, 
     0.007153, 
     0.00735, 
     0.043769
    ], 
    "scoreslnk": 2
   }, 
   "parnames": [
    "q"
   ]
  }, 
  {
   "targetlnk": 40, 
   "trid": 1, 
   "secondarylnk": 0, 
   "mcdetaillnk": 1, 
   "parvalues": [
    "525MeV/c"
   ], 
   "observablelnk": 21, 
   "testlnk": 0, 
   "referencelnk": 37, 
   "reactionlnk": 4, 
   "beamlnk": 34, 
   "datatable": {
    "dtid": 1, 
    "imageblobslnk": null, 
    "datatypeslnk": 1000, 
    "axisTitle": [
     "Energy loss omega [MeV]", 
     "d 2 sigma/domega dw [mb/sr MeV]"
    ],