{
 "ResultList": [
  {
   "targetlnk": 40, 
   "trid": 1, 
   "secondarylnk": 0, 
   "mcdetaillnk": 1, 
   "parvalues": [
    "575MeV/c"
   ], 
   "observablelnk": 21, 
   "testlnk": 0, 
   "referencelnk": 37, 
   "reactionlnk": 4, 
   "beamlnk": 34, 
   "datatable": {
    "dtid": 1, 
    "imageblobslnk": null, 
    "datatypeslnk": 1000, 
    "axisTitle": [
     "Energy loss omega [MeV]", 
     "d 2 sigma/domega dw [mb/sr MeV]"
    ], 
    "errStatPlus": [
     0.0, 
     0.0, 
     0.0, 
     0.0, 
     0.0, 
     0.0, 
     0.0, 
     0.0, 
     0.0, 
     0.0, 
     0.0, 
     0.0, 
     0.0, 
     0.0, 
     0.0, 
     0.0, 
     0.0, 
     0.0, 
     0.0, 
     0.0, 
     0.0, 
     0.0, 
     0.0, 
     0.0, 
     0.0, 
     0.0, 
     0.0, 
     0.0, 
     0.0, 
     0.0, 
     0.0, 
     0.0, 
     0.0, 
     0.0, 
     0.0, 
     0.0, 
     0.0, 
     0.0, 
     0.0, 
     0.0, 
     0.0, 
     0.0, 
     0.0, 
     0.0, 
     0.0, 
     0.0, 
     0.0, 
     0.0, 
     0.0, 
     0.0, 
     0.0, 
     0.0, 
     0.0, 
     0.0, 
     0.0, 
     0.0, 
     0.0, 
     0.0, 
     0.0, 
     0.0, 
     0.0, 
     0.0, 
     0.0, 
     0.0, 
     0.0, 
     0.0, 
     0.0, 
     0.0, 
     0.0, 
     0.0, 
     0.0, 
     0.0, 
     0.0, 
     0.001833, 
     0.001966, 
     0.002489, 
     0.002909, 
     0.002263, 
     0.003104, 
     0.00369, 
     0.004959, 
     0.003589, 
     0.003222, 
     0.003906, 
     0.004134, 
     0.004288, 
     0.004754, 
     0.005053, 
     0.004934, 
     0.004759, 
     0.005148, 
     0.005321, 
     0.005408, 
     0.005019, 
     0.005287, 
     0.005619, 
     0.005654, 
     0.005771, 
     0.005761, 
     0.006215, 
     0.006171, 
     0.005879, 
     0.006392, 
     0.00634, 
     0.006843, 
     0.006525, 
     0.006612, 
     0.008446, 
     0.008859, 
     0.008522, 
     0.00848, 
     0.00832, 
     0.008562, 
     0.008165, 
     0.008137, 
     0.007413, 
     0.007345, 
     0.007321, 
     0.007344, 
     0.007552, 
     0.009743, 
     0.009473, 
     0.009906, 
     0.008721, 
     0.008804, 
     0.008603, 
     0.008571, 
     0.008137, 
     0.008143, 
     0.008853
    ], 
    "val": [
     -37.5, 
     -32.5, 
     -27.5, 
     -22.5, 
     -17.5, 
     -12.5, 
     -7.5, 
     -2.5, 
     2.5, 
     7.5, 
     12.5, 
     17.5, 
     22.5, 
     27.5, 
     32.5, 
     37.5, 
     42.5, 
     47.5, 
     52.5, 
     57.5, 
     62.5, 
     67.5, 
     72.5, 
     77.5, 
     82.5, 
     87.5, 
     92.5, 
     97.5, 
     102.5, 
     107.5, 
     112.5, 
     117.5, 
     122.5, 
     127.5, 
     132.5, 
     137.5, 
     142.5, 
     147.5, 
     152.5, 
     157.5, 
     162.5, 
     167.5, 
     172.5, 
     177.5, 
     182.5, 
     187.5, 
     192.5, 
     197.5, 
     202.5, 
     207.5, 
     212.5, 
     217.5, 
     222.5, 
     227.5, 
     232.5, 
     237.5, 
     242.5, 
     247.5, 
     252.5, 
     257.5, 
     262.5, 
     267.5, 
     272.5, 
     277.5, 
     282.5, 
     0.0, 
     0.0, 
     0.0, 
     0.0, 
     0.0, 
     0.0, 
     0.0, 
     0.0, 
     0.004489, 
     0.005201, 
     0.008252, 
     0.011266, 
     0.006788, 
     0.012794, 
     0.018073, 
     0.032886, 
     0.028382, 
     0.023012, 
     0.034207, 
     0.038325, 
     0.041306, 
     0.050861, 
     0.058042, 
     0.055602, 
     0.052042, 
     0.072622, 
     0.080593, 
     0.090256, 
     0.080906, 
     0.093155, 
     0.105671, 
     0.108265, 
     0.113671, 
     0.113752, 
     0.132793, 
     0.131101, 
     0.118188, 
     0.139119, 
     0.137069, 
     0.156811, 
     0.135847, 
     0.133542, 
     0.146885, 
     0.162832, 
     0.152166, 
     0.151672, 
     0.146879, 
     0.156294, 
     0.142852, 
     0.143142, 
     0.119829, 
     0.118006, 
     0.117034, 
     0.115908, 
     0.120299, 
     0.113176, 
     0.108406, 
     0.119668, 
     0.093907, 
     0.096821, 
     0.094205, 
     0.093421, 
     0.082197, 
     0.081872, 
     0.092446
    ], 
    "title": "Zr(pi,pi)", 
    "accesslnk": 1, 
    "npoints": 65, 
    "errStatMinus": [
     0.0, 
     0.0, 
     0.0, 
     0.0, 
     0.0, 
     0.0, 
     0.0, 
     0.0, 
     0.0, 
     0.0, 
     0.0, 
     0.0, 
     0.0, 
     0.0, 
     0.0, 
     0.0, 
     0.0, 
     0.0, 
     0.0, 
     0.0, 
     0.0, 
     0.0, 
     0.0, 
     0.0, 
     0.0, 
     0.0, 
     0.0, 
     0.0, 
     0.0, 
     0.0, 
     0.0, 
     0.0, 
     0.0, 
     0.0, 
     0.0, 
     0.0, 
     0.0, 
     0.0, 
     0.0, 
     0.0, 
     0.0, 
     0.0, 
     0.0, 
     0.0, 
     0.0, 
     0.0, 
     0.0, 
     0.0, 
     0.0, 
     0.0, 
     0.0, 
     0.0, 
     0.0, 
     0.0, 
     0.0, 
     0.0, 
     0.0, 
     0.0, 
     0.0, 
     0.0, 
     0.0, 
     0.0, 
     0.0, 
     0.0, 
     0.0, 
     0.0, 
     0.0, 
     0.0, 
     0.0, 
     0.0, 
     0.0, 
     0.0, 
     0.0, 
     0.001833, 
     0.001966, 
     0.002489, 
     0.002909, 
     0.002263, 
     0.003104, 
     0.00369, 
     0.004959, 
     0.003589, 
     0.003222, 
     0.003906, 
     0.004134, 
     0.004288, 
     0.004754, 
     0.005053, 
     0.004934, 
     0.004759, 
     0.005148, 
     0.005321, 
     0.005408, 
     0.005019, 
     0.005287, 
     0.005619, 
     0.005654, 
     0.005771, 
     0.005761, 
     0.006215, 
     0.006171, 
     0.005879, 
     0.006392, 
     0.00634, 
     0.006843, 
     0.006525, 
     0.006612, 
     0.008446, 
     0.008859, 
     0.008522, 
     0.00848, 
     0.00832, 
     0.008562, 
     0.008165, 
     0.008137, 
     0.007413, 
     0.007345, 
     0.007321, 
     0.007344, 
     0.007552, 
     0.009743, 
     0.009473, 
     0.009906, 
     0.008721, 
     0.008804, 
     0.008603, 
     0.008571, 
     0.008137, 
     0.008143, 
     0.008853
    ], 
    "scoreslnk": 2
   }, 
   "parnames": [
    "q"
   ]
  }, 
  {
   "targetlnk": 40, 
   "trid": 1, 
   "secondarylnk": 0, 
   "mcdetaillnk": 1, 
   "parvalues": [
    "600MeV/c"
   ], 
   "observablelnk": 21, 
   "testlnk": 0, 
   "referencelnk": 37, 
   "reactionlnk": 4, 
   "beamlnk": 34, 
   "datatable": {
    "dtid": 1, 
    "imageblobslnk": null, 
    "datatypeslnk": 1000, 
    "axisTitle": [
     "Energy loss omega [MeV]", 
     "d 2 sigma/domega dw [mb/sr MeV]"
    ],