{
 "ResultList": [
  {
   "targetlnk": 40, 
   "trid": 1, 
   "secondarylnk": 0, 
   "mcdetaillnk": 1, 
   "parvalues": [
    "650MeV/c"
   ], 
   "observablelnk": 21, 
   "testlnk": 0, 
   "referencelnk": 37, 
   "reactionlnk": 4, 
   "beamlnk": 34, 
   "datatable": {
    "dtid": 1, 
    "imageblobslnk": null, 
    "datatypeslnk": 1000, 
    "axisTitle": [
     "Energy loss omega [MeV]", 
     "d 2 sigma/domega dw [mb/sr MeV]"
    ], 
    "errStatPlus": [
     0.0, 
     0.0, 
     0.0, 
     0.0, 
     0.0, 
     0.0, 
     0.0, 
     0.0, 
     0.0, 
     0.0, 
     0.0, 
     0.0, 
     0.0, 
     0.0, 
     0.0, 
     0.0, 
     0.0, 
     0.0, 
     0.0, 
     0.0, 
     0.0, 
     0.0, 
     0.0, 
     0.0, 
     0.0, 
     0.0, 
     0.0, 
     0.0, 
     0.0, 
     0.0, 
     0.0, 
     0.0, 
     0.0, 
     0.0, 
     0.0, 
     0.0, 
     0.0, 
     0.0, 
     0.0, 
     0.0, 
     0.0, 
     0.0, 
     0.0, 
     0.0, 
     0.0, 
     0.0, 
     0.0, 
     0.0, 
     0.0, 
     0.0, 
     0.0, 
     0.0, 
     0.0, 
     0.0, 
     0.0, 
     0.0, 
     0.0, 
     0.0, 
     0.0, 
     0.0, 
     0.0, 
     0.0, 
     0.0, 
     0.0, 
     0.0, 
     0.0, 
     0.0, 
     0.0, 
     0.0, 
     0.0, 
     0.0, 
     0.0, 
     0.0, 
     0.0, 
     0.0, 
     0.0, 
     0.0, 
     0.0, 
     0.0, 
     0.000859, 
     0.001193, 
     0.001032, 
     0.001653, 
     0.001515, 
     0.001856, 
     0.00204, 
     0.002073, 
     0.002676, 
     0.002102, 
     0.002635, 
     0.002086, 
     0.002405, 
     0.002791, 
     0.002896, 
     0.003065, 
     0.003036, 
     0.003204, 
     0.003225, 
     0.003525, 
     0.00369, 
     0.004272, 
     0.003957, 
     0.004011, 
     0.004337, 
     0.004183, 
     0.00453, 
     0.004573, 
     0.004595, 
     0.005085, 
     0.005067, 
     0.005527, 
     0.005678, 
     0.005924, 
     0.006299, 
     0.006321, 
     0.00675, 
     0.00706, 
     0.007737, 
     0.00771, 
     0.00803, 
     0.007619, 
     0.00748, 
     0.007425, 
     0.007256, 
     0.007779, 
     0.007587, 
     0.008478, 
     0.007929, 
     0.010492, 
     0.010188, 
     0.0099, 
     0.010417, 
     0.009663, 
     0.009654, 
     0.009871, 
     0.008516, 
     0.011281, 
     0.010244, 
     0.013358, 
     0.0138
    ], 
    "val": [
     -37.5, 
     -32.5, 
     -27.5, 
     -22.5, 
     -17.5, 
     -12.5, 
     -7.5, 
     -2.5, 
     2.5, 
     7.5, 
     12.5, 
     17.5, 
     22.5, 
     27.5, 
     32.5, 
     37.5, 
     42.5, 
     47.5, 
     52.5, 
     57.5, 
     62.5, 
     67.5, 
     72.5, 
     77.5, 
     82.5, 
     87.5, 
     92.5, 
     97.5, 
     102.5, 
     107.5, 
     112.5, 
     117.5, 
     122.5, 
     127.5, 
     132.5, 
     137.5, 
     142.5, 
     147.5, 
     152.5, 
     157.5, 
     162.5, 
     167.5, 
     172.5, 
     177.5, 
     182.5, 
     187.5, 
     192.5, 
     197.5, 
     202.5, 
     207.5, 
     212.5, 
     217.5, 
     222.5, 
     227.5, 
     232.5, 
     237.5, 
     242.5, 
     247.5, 
     252.5, 
     257.5, 
     262.5, 
     267.5, 
     272.5, 
     277.5, 
     282.5, 
     287.5, 
     292.5, 
     297.5, 
     302.5, 
     307.5, 
     0.0, 
     0.0, 
     0.0, 
     0.0, 
     0.0, 
     0.0, 
     0.0, 
     0.0, 
     0.0, 
     0.000859, 
     0.001687, 
     0.002072, 
     0.005299, 
     0.004514, 
     0.006788, 
     0.008156, 
     0.008447, 
     0.014159, 
     0.00873, 
     0.013667, 
     0.009378, 
     0.015758, 
     0.020526, 
     0.02075, 
     0.025262, 
     0.025834, 
     0.029102, 
     0.029393, 
     0.035285, 
     0.038725, 
     0.044865, 
     0.044701, 
     0.04589, 
     0.053372, 
     0.04971, 
     0.058274, 
     0.059182, 
     0.059398, 
     0.072566, 
     0.071171, 
     0.082763, 
     0.083806, 
     0.086567, 
     0.092873, 
     0.091196, 
     0.104658, 
     0.084775, 
     0.102261, 
     0.101522, 
     0.11032, 
     0.099254, 
     0.095648, 
     0.093818, 
     0.088465, 
     0.098221, 
     0.090998, 
     0.10578, 
     0.088552, 
     0.103822, 
     0.097119, 
     0.092808, 
     0.101425, 
     0.087406, 
     0.086204, 
     0.089074, 
     0.064975, 
     0.093532, 
     0.075649, 
     0.089393, 
     0.088962
    ], 
    "title": "Zr(pi,pi)", 
    "accesslnk": 1, 
    "npoints": 70, 
    "errStatMinus": [
     0.0, 
     0.0, 
     0.0, 
     0.0, 
     0.0, 
     0.0, 
     0.0, 
     0.0, 
     0.0, 
     0.0, 
     0.0, 
     0.0, 
     0.0, 
     0.0, 
     0.0, 
     0.0, 
     0.0, 
     0.0, 
     0.0, 
     0.0, 
     0.0, 
     0.0, 
     0.0, 
     0.0, 
     0.0, 
     0.0, 
     0.0, 
     0.0, 
     0.0, 
     0.0, 
     0.0, 
     0.0, 
     0.0, 
     0.0, 
     0.0, 
     0.0, 
     0.0, 
     0.0, 
     0.0, 
     0.0, 
     0.0, 
     0.0, 
     0.0, 
     0.0, 
     0.0, 
     0.0, 
     0.0, 
     0.0, 
     0.0, 
     0.0, 
     0.0, 
     0.0, 
     0.0, 
     0.0, 
     0.0, 
     0.0, 
     0.0, 
     0.0, 
     0.0, 
     0.0, 
     0.0, 
     0.0, 
     0.0, 
     0.0, 
     0.0, 
     0.0, 
     0.0, 
     0.0, 
     0.0, 
     0.0, 
     0.0, 
     0.0, 
     0.0, 
     0.0, 
     0.0, 
     0.0, 
     0.0, 
     0.0, 
     0.0, 
     0.000859, 
     0.001193, 
     0.001032, 
     0.001653, 
     0.001515, 
     0.001856, 
     0.00204, 
     0.002073, 
     0.002676, 
     0.002102, 
     0.002635, 
     0.002086, 
     0.002405, 
     0.002791, 
     0.002896, 
     0.003065, 
     0.003036, 
     0.003204, 
     0.003225, 
     0.003525, 
     0.00369, 
     0.004272, 
     0.003957, 
     0.004011, 
     0.004337, 
     0.004183, 
     0.00453, 
     0.004573, 
     0.004595, 
     0.005085, 
     0.005067, 
     0.005527, 
     0.005678, 
     0.005924, 
     0.006299, 
     0.006321, 
     0.00675, 
     0.00706, 
     0.007737, 
     0.00771, 
     0.00803, 
     0.007619, 
     0.00748, 
     0.007425, 
     0.007256, 
     0.007779, 
     0.007587, 
     0.008478, 
     0.007929, 
     0.010492, 
     0.010188, 
     0.0099, 
     0.010417, 
     0.009663, 
     0.009654, 
     0.009871, 
     0.008516, 
     0.011281, 
     0.010244, 
     0.013358, 
     0.0138
    ], 
    "scoreslnk": 2
   }, 
   "parnames": [
    "q"
   ]
  }
 ]
}
